大学名称,所在地,隶属,院士,硕士点,类型,重点学科,博士点,地址,平均线,是否985,是否211,是否自主招生
南昌工程学院,南昌,江西省教育厅,0,0,工科,4,0, 江西省南昌市高新开发区天祥大道289号,397,否,否,否
江苏科技大学,镇江,江苏省教育厅,0,60,工科,1,8, 江苏省镇江市梦溪路2号,410,否,否,否
山西传媒学院,太原,山西省教育厅,0,0,综合,0,0, 山西太原市五龙口街118号,412,否,否,否
江西科技学院,无,江西省教育厅,0,0,综合,0,0, 江西省南昌市昌东瑶湖高校园区,420,否,否,否
西安航空学院,无,陕西省教育厅,0,0,工科,0,0, 陕西省西安市西二环259号,447,否,否,否
西安科技大学高新学院,西安,陕西省教育厅,0,0,工科,0,0, 陕西省西安市子午大道中段39号,460.5,否,否,否
中国医科大学,沈阳,辽宁省教育厅,12,61,医药,34,52, 辽宁省沈阳市和平区北二马路92号,582,否,否,是
南京邮电大学,南京,江苏省教育厅,1,44,工科,4,17, 江苏省南京市新模范马路66号,545,否,否,是
电子科技大学成都学院,成都,四川省教育厅,0,0,工科,0,0, 四川省成都市高新西区百叶路1号电子科技大学成...,466,否,否,否
同济大学浙江学院,嘉兴,浙江省教育厅,0,0,综合,0,0, 浙江省嘉兴市商务大道168号,467,否,否,否
三峡大学科技学院,宜昌,湖北省教育厅,0,0,工科,0,0, 湖北省宜昌市大学路18号,467,否,否,否
哈尔滨华德学院,无,黑龙江省教育厅,0,0,工科,0,0, 哈尔滨市利民开发区学院路5号,467,否,否,否
成都东软学院,无,四川省教育厅,0,0,工科,0,0, 四川省成都市都江堰青城山镇东软大道一号,467,否,否,否
长春科技学院,长春,吉林省教育厅,0,0,农业,0,0, 吉林省长春市双阳区东华大街1699号,468,否,否,否
东华理工大学长江学院,南昌,江西省教育厅,0,0,工科,0,0, 江西省抚州市羊城路154号,468,否,否,否
昆明理工大学津桥学院,昆明,云南省教育厅,0,0,工科,0,0, 云南省昆明市国家高新技术产业开发区海源北路1...,468,否,否,否
安徽财经大学商学院,蚌埠,安徽省教育厅,0,0,财经,0,0, 安徽省蚌埠市宏业路255号,469,否,否,否
石家庄铁道大学四方学院,石家庄,河北省教育厅,0,0,工科,0,0, 石家庄市装院路甲一号,469,否,否,否
长沙理工大学城南学院,长沙,湖南省教育厅,0,0,工科,0,0, 湖南省长沙市赤岭路45号,469,否,否,否
厦门大学嘉庚学院,厦门,福建省教育厅,0,0,综合,0,0, 福建省招商局漳州开发区厦门大学漳州校区嘉庚学...,470,否,否,否
青岛农业大学海都学院,莱阳,山东省教育厅,0,0,综合,0,0, 山东省莱阳市文化路65号,470,否,否,否
济南大学泉城学院,济南,山东省教育厅,0,0,综合,0,0, 山东省济南市舜耕路13号,470,否,否,否
南京邮电大学通达学院,南京,江苏省教育厅,0,0,综合,0,0, 南京市新模范马路66号,470,否,否,否
无锡太湖学院,无,江苏省教育厅,0,0,综合,0,0, 江苏省无锡市钱荣路68号,470,否,否,否
武昌理工学院,武汉,湖北省教育厅,0,0,工科,0,0, 武汉市武昌江夏大道18号,470,否,否,否
石家庄经济学院华信学院,石家庄,河北省教育厅,0,0,财经,0,0, 河北省石家庄市汇丰路18号,471,否,否,否
河北工程大学科信学院,邯郸,河北省教育厅,0,0,工科,0,0, 河北省邯郸市光明南大街199号,471,否,否,否
沈阳工学院,抚顺,辽宁省教育厅,0,0,工科,0,0, 辽宁省抚顺经济开发区滨河路东段1号,471,否,否,否
长春建筑学院,无,吉林省教育厅,0,0,工科,0,0, 吉林省长春市双阳区奢岭高校园区,471,否,否,否
长春财经学院,长春,吉林省教育厅,0,0,综合,0,0, 长春市净月经济开发区擎天树街58号,472,否,否,否
西安培华学院,无,陕西省教育厅,0,0,综合,0,0, 长安校区：西安市长安区培华南路；高新校区：西安市高新区白沙路南段2号；郭杜校区：西安市长安区学府大道&,472,否,否,否
天津大学仁爱学院,天津,天津市教育委员会,0,0,综合,0,0, 天津市团泊新城博学苑,472,否,否,否
齐鲁医药学院,无,山东省教育厅,0,0,医药,0,0, 山东省淄博市博山经济开发区西过境路246号,472,否,否,否
大连医科大学中山学院,大连,辽宁省教育厅,0,0,医药,0,0, 大连市高新园区爱贤街28号,472,否,否,否
中国地质大学长城学院,保定,河北省教育厅,0,0,综合,0,0, 河北省保定市南二环路1698号,473,否,否,否
江西师范大学科学技术学院,南昌,江西省教育厅,0,0,综合,0,0, 江西省南昌市北京西路437号,473,否,否,否
西南财经大学天府学院,成都,四川省教育厅,0,0,财经,0,0, 四川省成都市光华村街55号电子商务学院,473,否,否,否
青岛大学,青岛,山东省教育厅,3,178,综合,2,35, 青岛市宁夏路308号,无,否,否,否
辽宁对外经贸学院,无,辽宁省教育厅,0,0,财经,0,0, 辽宁省大连市旅顺经济开发区顺乐街33号,473,否,否,否
江西师范大学,南昌,江西省教育厅,10,52,师范,8,29, ［瑶湖校区］江西省南昌市紫阳大道99号，［青山湖校区］江西省南昌市北京西路437号，［青云谱校区］迎宾大?,无,否,否,否
河南农业大学,郑州,河南省教育厅,14,80,农业,3,29, 河南郑州文化路95号,无,否,否,否
汕头大学,汕头,广东省教育厅,1,94,综合,1,26, 广东省汕头市大学路243号,无,否,否,否
上海师范大学,上海,上海市教育委员会,5,93,师范,2,24, 上海市桂林路100号,无,否,否,否
辽宁何氏医学院,沈阳,辽宁省教育厅,0,0,医药,0,0, 沈阳市棋盘山国际风景旅游开发区,473,否,否,否
长沙医学院,无,湖南省教育厅,0,0,医药,0,0, 湖南省长沙市岳麓区望城坡雷锋大道九公里,473,否,否,否
广州大学,广州,广东省教育厅,2,177,综合,5,20, 广州市广园中路248号,无,否,否,否
福建师范大学,福州,福建省教育厅,3,50,师范,1,19, 福建省福州市仓山区上三路8号,无,否,否,否
甘肃农业大学,兰州,甘肃省教育厅,1,44,农业,1,19, 兰州市安宁区营门村1号,无,否,否,否
大连东软信息学院,大连,无,0,0,工科,0,0, 大连市软件园路8号,473,否,否,否
大连理工大学城市学院,大连,辽宁省教育厅,0,0,工科,0,0, 大连经济技术开发区铁山西路31号,473,否,否,否
河北联合大学冀唐学院,唐山,河北省教育厅,0,30,医药,0,0, 河北省唐山市丰南区正泰街29号,474,否,否,否
天津理工大学中环信息学院,天津,天津市教育委员会,0,0,综合,0,0, 天津市西青区杨柳青柳口路99号,474,否,否,否
浙江中医药大学,无,浙江省教育厅,1,46,医药,25,14, 杭州市滨江区滨文路548号,无,否,否,否
华北理工大学轻工学院,唐山,河北省教育厅,0,0,工科,0,0, 河北唐山高新技术产业园区大学西道11号。,474,否,否,否
内蒙古工业大学,无,内蒙古自治区教育厅,5,86,工科,9,13, 内蒙古自治区呼和浩特市新城区爱民街49号,无,否,否,否
深圳大学,深圳,广东省教育厅,17,55,综合,11,12, 深圳市南山区南海大道3688号,无,否,否,否
福建农林大学,金山,福建省教育厅,7,23,农业,1,11, 福建省福州市金山福建农林大学,无,否,否,否
湖北大学,武汉,湖北省教育厅,2,125,综合,19,9, 湖北省武汉市武昌学院路11号,无,否,否,否
武汉理工大学华夏学院,武汉,湖北省教育厅,0,0,工科,0,0, 武汉东湖新技术开发区关山大道489号武汉理工...,474,否,否,否
吉林建筑大学城建学院,长春,吉林省教育厅,0,0,工科,0,0, 吉林省长春市绿园区迎宾路1666号,474,否,否,否
曲阜师范大学,曲阜,山东省教育厅,3,41,师范,0,7, 山东省曲阜市轩西路57号,无,否,否,否
太原理工大学现代科技学院,太原,山西省教育厅,0,0,工科,0,0, 山西省太原市新晋祠路45号,474,否,否,否
北京交通大学海滨学院,黄骅,河北省教育厅,0,0,综合,0,0, 河北省黄骅市学院西路9号,475,否,否,否
南京中医药大学翰林学院,南京,江苏省教育厅,0,0,综合,0,0, 南京市仙林大道138号,475,否,否,否
武汉工程大学,武汉,湖北省教育厅,10,55,工科,15,5, 湖北武汉市洪山区雄楚大街693号,无,否,否,否
上海财经大学浙江学院,金华,浙江省教育厅,0,0,综合,0,0, 浙江省金华市环城南路99号,475,否,否,否
河北外国语学院,石家庄,河北省教育厅,0,0,综合,0,0, 石家庄红旗南大街汇丰西路29号,475,否,否,否
沈阳化工大学,沈阳,辽宁省教育厅,4,23,工科,5,4, 沈阳市经济技术开发区11号街,无,否,否,否
辽宁师范大学,大连,辽宁省教育厅,2,132,师范,2,4, 辽宁大连市沙河口区黄河路850号,无,否,否,否
江西农业大学,南昌,江西省教育厅,1,19,农业,1,3, 江西省南昌经济技术开发区志敏大道1101号,无,否,否,否
天津财经大学珠江学院,天津,天津市教育委员会,0,0,综合,0,0, 天津市宝坻区京津新城珠江北环东路2号,475,否,否,否
江西财经大学现代经济管理学院,南昌,江西省教育厅,0,0,财经,0,0, 江西省南昌市昌北经济技术开发区,475,否,否,否
辽宁医学院医疗学院,锦州,辽宁省教育厅,0,0,医药,0,0, 辽宁省锦州市高新技术产业园区昆明街2A号,475,否,否,否
黑龙江外国语学院,无,黑龙江省教育厅,0,0,师范,0,0, 黑龙江省哈尔滨市利民开发区恒星路1号,475,否,否,否
北京城市学院,北京,北京市教育委员会,0,0,综合,0,0, 北京市海淀区北四环中路 269 号,476,否,否,否
北京工业大学耿丹学院,北京,北京市教育委员会,0,0,综合,0,0, 北京市顺义区牛栏山镇牛富路牛山段3号,476,否,否,否
北京科技大学天津学院,天津,天津市教育委员会,0,0,综合,0,0, 天津市宝坻区京津新城珠江北环东路1号,476,否,否,否
大连财经学院,大连,辽宁省教育厅,0,0,财经,0,0, 辽宁省大连市经济技术开发区人文街80号,476,否,否,否
黑龙江八一农垦大学,大庆,黑龙江省教育厅,1,22,农业,6,2, 大庆高新技术产业开发区,无,否,否,否
西安交通大学城市学院,西安,陕西省教育厅,0,0,工科,0,0, 西安市北经济技术开发区尚稷路8715号,476,否,否,否
长春理工大学光电信息学院,长春,吉林省教育厅,0,0,工科,0,0, 长春市高新技术产业开发区博才路399号,476,否,否,否
北京邮电大学世纪学院,北京,北京市教育委员会,0,0,综合,0,0, 北京市大兴区黄村镇狼垡,477,否,否,否
内蒙古师范大学,呼和浩特,内蒙古自治区教育厅,5,71,师范,18,1, 内蒙古呼和浩特市赛罕区昭乌达路295号,无,否,否,否
燕京理工学院,三河市,河北省教育厅,0,0,综合,0,0, 京东燕郊经济技术开发区迎宾北路45号,477,否,否,否
广州医科大学,广州,广东省教育厅,1,28,医药,8,1, 广州市东风西路195号,无,否,否,否
天津商业大学宝德学院,天津,天津市教育委员会,0,0,财经,0,0, 天津市西青区津静路28号,477,否,否,否
南京航空航天大学金城学院,南京,江苏省教育厅,0,0,工科,0,0, 南京市江宁区禄口航金大道99号,477,否,否,否
河北大学工商学院,保定,河北省教育厅,0,0,综合,0,0, 河北省保定市七一东路2666号,478,否,否,否
北京工商大学嘉华学院,北京,北京市教育委员会,0,0,财经,0,0, 北京市通州区宋庄南路甲一号 B203室,478,否,否,否
湖南理工学院南湖学院,岳阳,湖南省教育厅,0,0,工科,0,0, 湖南省岳阳市学院路439号,478,否,否,否
文华学院,武汉,湖北省教育厅,0,0,工科,0,0, 湖北省武汉市东湖高新技术开发区文华园路8号,478,否,否,否
北京理工大学珠海学院,珠海,广东省教育厅,0,0,综合,0,0, 广东珠海唐家湾金凤路6号北京理工大学珠海学院...,479,否,否,否
西安工业大学北方信息工程学院,西安,陕西省教育厅,0,0,工科,0,0, 西安市灞桥区洪庆,479,否,否,否
河北工业大学城市学院,天津,河北省教育厅,0,0,工科,0,0, 天津市红桥区光荣道29号,479,否,否,否
中国传媒大学南广学院,南京,江苏省教育厅,0,0,艺术,0,0, 江苏省南京市江宁区科学园弘景大道3666号,480,否,否,否
北京第二外国语学院中瑞酒店管理学院,北京,无,0,0,综合,0,0, 北京市大兴区庞各庄镇工业区田园路11号,481,否,否,否
江西中医药大学科技学院,南昌,江西省教育厅,0,0,医药,0,0, 江西省南昌市抚生路666号,481,否,否,否
燕山大学里仁学院,秦皇岛,河北省教育厅,0,0,工科,0,0, 河北省秦皇岛市河北大街438号,481,否,否,否
江西农业大学南昌商学院,南昌,江西省教育厅,0,0,综合,0,0, 江西省南昌市庐山中大道888号,482,否,否,否
江西理工大学,赣州,江西省教育厅,1,65,工科,12,0, 江西省赣州市红旗大道86号,无,否,否,否
武汉纺织大学,武汉,湖北省教育厅,1,44,工科,11,0, 湖北武汉武昌鲁巷纺织路1号,无,否,否,否
云南大学旅游文化学院,丽江,云南省教育厅,0,0,综合,0,0, 云南省丽江市古城区玉泉路,482,否,否,否
聊城大学,聊城,山东省教育厅,7,120,综合,10,0, 山东省聊城市湖南路1号,无,否,否,否
湖北科技学院,咸宁,湖北省教育厅,1,0,综合,10,0, 湖北省咸宁市咸宁大道88号,无,否,否,否
沈阳师范大学,沈阳,辽宁省教育厅,2,59,师范,9,0, 辽宁省沈阳市皇姑区黄河北大街253号,无,否,否,否
昆明医科大学海源学院,昆明,云南省教育厅,0,0,医药,0,0, 中国云南昆明高新技术产业开发区海源北路3...,482,否,否,否
武汉工程科技学院,武汉,湖北省教育厅,0,0,工科,0,0, 武汉市江夏区纸坊熊廷弼街特八号,482,否,否,否
中国石油大学胜利学院,东营,山东省教育厅,0,0,工科,0,0, 山东省东营市济南路1号,482,否,否,否
南京审计学院金审学院,南京,江苏省教育厅,0,0,综合,0,0, 江苏省南京市浦口区江浦街道雨山西路86号，江苏省南京市鼓楼区北圩路77号,483,否,否,否
山西大学商务学院,太原,山西省教育厅,0,0,财经,0,0, 山西省太原市太榆路武宿机场南,483,否,否,否
遵义医学院,遵义,贵州省教育厅,1,17,医药,8,0, 贵州省遵义市大连路201号,无,否,否,否
安徽建筑大学城市建设学院,合肥,安徽省教育厅,0,0,工科,0,0, 合肥市槽郢路15号,483,否,否,否
天津医科大学临床医学院,天津,天津市教育委员会,0,0,医药,0,0, 天津市大港区学苑路167号,484,否,否,否
北京中医药大学东方学院,廊坊,河北省教育厅,0,0,综合,0,0, 东方大学城（廊坊）一期南教学区,485,否,否,否
山西财经大学华商学院,太原,山西省教育厅,0,0,财经,0,0, 山西省太原市坞城南路79号,485,否,否,否
南开大学滨海学院,天津,天津市教育委员会,0,0,综合,0,0, 天津市大港区学府路 634 号,486,否,否,否
河北医科大学临床学院,石家庄,河北省教育厅,0,0,医药,0,0, 石家庄市建华南大街309号,487,否,否,否
杭州师范大学,杭州,浙江省教育厅,8,39,师范,6,0, 杭州下沙高教园区学林街16号,无,否,否,否
河南理工大学万方科技学院,焦作,河南省教育厅,0,0,工科,0,0, 焦作校区：河南省焦作市解放中路142号　　郑...,488,否,否,否
大连民族大学,大连,国家民族事务委员会,1,18,民族,6,0, 辽宁大连经济开发区辽河西路18号,无,否,否,否
华北电力大学科技学院,保定,河北省教育厅,0,0,工科,0,0, 河北省保定市瑞祥大街282号,489,否,否,否
井冈山大学,吉安,江西省教育厅,4,0,综合,6,0, 江西省吉安市青原区学苑路28号,无,否,否,否
吉林大学珠海学院,珠海,广东省教育厅,0,0,综合,0,0, 广东省珠海市金湾区草堂湾,494,否,否,否
广东金融学院,广州,广东省教育厅,0,0,财经,0,0, 广东省广州市天河区龙洞迎福路527号,495,否,否,否
湖南理工学院,岳阳,湖南省教育厅,0,0,工科,4,0, 湖南省岳阳市学院路,497,否,否,否
安徽农业大学,合肥,安徽省教育厅,0,96,农业,1,37, 安徽省合肥市长江西路130号,498,否,否,否
长春工业大学,长春,吉林省教育厅,0,35,工科,9,0, 吉林省长春市朝阳区延安大街2055号,498,否,否,否
中国计量学院现代科技学院,杭州,浙江省教育厅,0,0,工科,0,0, 浙江省杭州市下沙高教园区学源街,499,否,否,否
湖北民族学院,恩施,湖北省教育厅,1,6,民族,5,0, 湖北省恩施市学院路39号,无,否,否,否
济宁医学院,济宁,山东省教育厅,0,0,医药,4,0, 济宁市北湖新区荷花路16号,500,否,否,否
齐齐哈尔医学院,齐齐哈尔,黑龙江省教育厅,0,0,医药,3,0, 黑龙江省齐齐哈尔市建华区卜奎北大街333号,500,否,否,否
大连大学,大连,辽宁省教育厅,0,35,综合,0,0, 大连市经济技术开发区学府大街10号,500,否,否,否
南通大学,南通,江苏省教育厅,0,17,综合,1,1, 江苏省南通市啬园路9号,501,否,否,否
湖南科技大学,湘潭,湖南省教育厅,0,125,综合,0,0, 湖南省湘潭市桃园路,501,否,否,否
廊坊师范学院,廊坊,河北省教育厅,0,0,师范,0,0, 河北省廊坊市爱民西道100号,501,否,否,否
西安科技大学,西安,陕西省教育厅,0,92,工科,1,28, 陕西省西安市雁塔中路58号,502,否,否,否
西南民族大学,成都,国家民族事务委员会,0,100,民族,7,7, 四川省成都市一环路南四段16号,502,否,否,否
河北建筑工程学院,张家口,河北省教育厅,0,0,工科,2,0, 河北省张家口市建国路33号,502,否,否,否
上海工程技术大学,无,上海市教育委员会,0,4,工科,0,0, 上海市龙腾路333号,503,否,否,是
西安财经学院,西安,陕西省教育厅,0,5,财经,4,0, 陕西省西安市小寨东路64号,503,否,否,否
沈阳工程学院,沈阳市,辽宁省教育厅,0,0,工科,0,0, 沈阳市沈北新区蒲昌路18号,503,否,否,否
新疆医科大学,乌鲁木齐,新疆维吾尔自治区教育厅,0,53,医药,5,4, 中国.新疆 乌鲁木齐市新医路8号,504,否,否,否
昆明医科大学,昆明,云南省教育厅,0,33,医药,14,1, 昆明市人民西路191号,504,否,否,否
河北北方学院,张家口,河北省教育厅,0,4,医药,13,0, 河北省张家口市长青路14号,504,否,否,否
大连工业大学,大连,辽宁省教育厅,3,28,工科,3,0, 辽宁省大连市甘井子区轻工苑1号,无,否,否,否
河南中医学院,郑州,河南省教育厅,0,55,医药,7,0, 河南省郑州市金水路一号,504,否,否,否
浙江海洋学院,无,浙江省教育厅,1,21,农业,3,0, 浙江省舟山市定海区海院路18号,无,否,否,否
湖南工业大学,株洲,湖南省教育厅,6,19,工科,3,0, 湖南省株洲市天元区泰山西路,无,否,否,否
湖北医药学院,十堰,湖北省教育厅,0,0,医药,8,0, 湖北省十堰市人民南路30号,505,否,否,否
大理大学,大理,云南省教育厅,0,0,综合,5,0, 云南省大理市古城学府路,505,否,否,否
绍兴文理学院,绍兴,浙江省教育厅,8,3,师范,3,0, 浙江省绍兴市环城西路508号,无,否,否,否
安徽建筑大学,合肥,安徽省教育厅,0,31,工科,0,0, 安徽省合肥市金寨南路856号（北校区）；合肥经济开发技术区紫云路292号（南校区）,505,否,否,否
淮海工学院,连云港,江苏省教育厅,0,5,工科,0,0, 江苏省连云港市新浦区苍梧路59号,505,否,否,否
滨州学院,滨州市,山东省教育厅,8,0,师范,3,0, 山东省滨州市黄河五路391号,无,否,否,否
邵阳学院,邵阳,湖南省教育厅,2,0,工科,3,0, 邵阳市西区李子园,无,否,否,否
北华航天工业学院,廊坊,河北省教育厅,0,0,工科,0,0, 河北省廊坊市爱民东道133号,505,否,否,否
哈尔滨商业大学,哈尔滨,黑龙江省教育厅,0,77,财经,6,19, 哈尔滨市松北区学海街1号,506,否,否,否
湖南中医药大学,长沙,湖南省教育厅,0,23,医药,31,14, 湖南省长沙市含浦科教园区,506,否,否,否
南华大学,衡阳,湖南省教育厅,0,107,综合,0,11, 湖南省衡阳市常胜西路28号,506,否,否,否
大连海洋大学,大连,辽宁省教育厅,0,18,农业,4,0, 辽宁省大连市沙河口区黑石礁街52号,506,否,否,否
湖南商学院,长沙,湖南省教育厅,0,0,财经,4,0, 湖南省长沙市岳麓区岳麓大道569号,506,否,否,否
齐齐哈尔大学,齐齐哈尔,黑龙江省教育厅,0,72,综合,0,0, 黑龙江省齐齐哈尔市建华区文化大街42号,506,否,否,否
徐州工程学院,徐州,江苏省教育厅,3,0,工科,2,0, 江苏省徐州市南三环,无,否,否,否
湖南人文科技学院,娄底市,湖南省教育厅,1,0,综合,2,0, 湖南省娄底市娄星区氐星路,无,否,否,否
江西中医药大学,南昌,江西省教育厅,0,30,医药,0,0, 江西省南昌市湾里区云湾路818号,507,否,否,否
防灾科技学院,三河市,中国地震局,0,0,工科,0,0, 北京东燕郊经济开发区,507,否,否,否
哈尔滨师范大学,哈尔滨,黑龙江省教育厅,0,154,师范,10,47, 松北校区:哈尔滨市利民经济技术开发区师大南路1号；江南校区:哈尔滨市南岗区和兴路50号,508,否,否,否
山西师范大学,临汾,山西省教育厅,0,137,师范,0,13, 山西省临汾市尧都区贡院街1号,508,否,否,否
山西中医学院,太原,山西省教育厅,0,3,医药,5,0, 山西省太原市晋祠路一段89号,508,否,否,否
长春工程学院,长春,吉林省教育厅,0,0,工科,1,0, 吉林省长春市朝阳区宽平大路395号,508,否,否,否
河北工程大学,邯郸,河北省教育厅,0,21,工科,0,0, 河北省邯郸市光明南大街199号,508,否,否,否
云南财经大学,昆明市,云南省教育厅,0,45,财经,12,0, 云南省昆明市龙泉路237号,509,否,否,否
天津职业技术师范大学,天津市,天津市教育委员会,0,10,师范,9,0, 天津市河西区大沽南路1310号,509,否,否,否
北华大学,吉林,吉林省教育厅,0,133,综合,7,0, 吉林市华山路3999号,509,否,否,否
中南林业科技大学,长沙,湖南省教育厅,0,84,林业,3,0, 湖南省长沙市韶山南路498号（长沙校区），  湖南省株洲市（株洲校区）,509,否,否,否
河南财经政法大学,郑州,河南省教育厅,0,61,财经,0,0, 河南省郑州市文化路80号,509,否,否,否
天津农学院,天津市,天津市教育委员会,0,4,农业,0,0, 天津市西青区津静公路22号,509,否,否,否
南京森林警察学院,南京,国家林业局,0,0,政法,0,0, 江苏省南京市仙林大学城文澜路28号,509,否,否,否
浙江财经大学,杭州,浙江省教育厅,0,50,财经,24,1, 中国・浙江省杭州市下沙高教园区学源街18号,510,否,否,否
北京联合大学,北京市,北京市教育委员会,0,3,综合,24,0, 北京市朝阳区北四环东路97号,510,否,否,否
沈阳理工大学,沈阳市,辽宁省教育厅,0,28,工科,4,0, 辽宁省沈阳市浑南新区南屏中路6号(校本部),510,否,否,否
天津工业大学,天津市,天津市教育委员会,0,44,工科,12,13, 天津市西青区宾水西道399号,511,否,否,否
辽宁医学院,锦州,辽宁省教育厅,0,67,医药,5,7, 辽宁省锦州市人民街五段48号,511,否,否,否
山西财经大学,太原,山西省教育厅,0,56,财经,0,3, 山西省太原市坞城路696号,511,否,否,否
大连交通大学,大连,辽宁省教育厅,0,19,工科,2,2, 辽宁省大连市沙河口区黄河路794号,511,否,否,否
四川医科大学,泸州,四川省教育厅,0,21,医药,0,0, 四川泸州市忠山路3段319号,511,否,否,否
首都体育学院,北京市,北京市教育委员会,0,5,体育,0,0, 北京市海淀区北三环西路11号,511,否,否,否
吉林建筑大学,长春,吉林省教育厅,0,12,工科,0,0, 吉林省长春市新城大街5088号,512,否,否,否
承德医学院,无,河北省教育厅,0,4,医药,0,0, 河北省承德市上二道河子承德医学院,512,否,否,否
河北金融学院,保定,河北省教育厅,0,0,财经,0,0, 河北省保定市恒祥北大街3188号,512,否,否,否
淮北师范大学,淮北,安徽省教育厅,2,76,师范,0,0, 安徽省淮北市东山路100号,无,否,否,否
桂林电子科技大学,桂林,广西壮族自治区教育厅,0,34,工科,21,1, 广西区桂林市金鸡路1号,513,否,否,否
河北中医学院,石家庄,河北省,0,17,医药,4,1, 河北鹿泉经济开发区杏苑路3号,513,否,否,否
华东交通大学,南昌,江西省教育厅,0,17,工科,13,0, 江西省南昌市昌北开发区双港东大街808号,513,否,否,否
金陵科技学院,南京市,江苏省教育厅,0,0,综合,2,0, 南京市江宁区弘景大道99号,513,否,否,否
武汉轻工大学,武汉,湖北省教育厅,3,51,工科,0,0, 湖北省武汉市汉口常青花园中环西路特1号,无,否,否,否
山西医科大学,太原,山西省教育厅,0,64,医药,1,45, 山西省太原市新建南路56号,514,否,否,否
南京中医药大学,南京,江苏省教育厅,0,38,医药,3,25, 南京仙林大学城仙林大道138号,514,否,否,否
齐鲁工业大学,济南,山东省教育厅,3,45,工科,0,0, 山东省济南市西部新城大学科技园,无,否,否,否
安徽财经大学,蚌埠市,安徽省教育厅,0,56,财经,0,0, 安徽省蚌埠市曹山路962号,514,否,否,否
西安理工大学,西安,陕西省教育厅,0,83,工科,26,30, 陕西省西安市金花南路5号,515,否,否,否
滨州医学院,滨州,山东省教育厅,0,29,医药,6,0, 山东省滨州市黄河三路522号(滨州校区)  山东省烟台市莱山区观海路346号（烟台校区）,515,否,否,否
中国劳动关系学院,北京市,中华全国总工会,0,0,财经,1,0, 北京市海淀区增光路45号,515,否,否,否
山东财经大学,济南,山东省教育厅,0,73,财经,0,0, 山东省济南市历下区东二环东路7366号,515,否,否,否
江苏师范大学,徐州,江苏省教育厅,3,31,师范,0,0, 江苏省徐州市铜山区上海路101号,无,否,否,否
北方民族大学,银川,国家民族事务委员会,1,31,民族,0,0, 宁夏银川市西夏区文昌北街204号,无,否,否,否
重庆工商大学,重庆市,重庆市教育委员会,0,8,综合,0,0, 重庆市南岸区学府大道19号,515,否,否,否
南京工程学院,南京,江苏省教育厅,0,0,工科,0,0, 南京市江宁科学园弘景大道1号,515,否,否,否
杭州电子科技大学,杭州,浙江省教育厅,0,66,工科,1,9, 浙江省杭州市下沙高教园区,516,否,否,否
景德镇陶瓷学院,景德镇,江西省教育厅,1,23,工科,0,0, 江西省景德镇陶瓷学院,无,否,否,否
海南医学院,海口市,海南省教育厅,0,10,医药,2,6, 海南省海口市龙华区学院路,516,否,否,否
太原科技大学,太原市,山西省教育厅,0,42,工科,4,2, 山西省太原市万柏林区瓦流路138号,516,否,否,否
西北政法大学,西安,陕西省教育厅,0,21,政法,10,0, 西安市长安南路300号,516,否,否,否
大连外国语大学,大连,辽宁省教育厅,0,22,语言,3,0, 大连市旅顺南路西段6号,516,否,否,否
江汉大学,武汉,湖北省教育厅,1,16,综合,0,0, 湖北武汉经济技术开发区,无,否,否,否
北京服装学院,北京市,北京市教育委员会,0,12,工科,3,0, 北京市朝阳区樱花东街甲2号,516,否,否,否
中国民用航空飞行学院,广汉,中国民用航空总局,0,0,工科,0,0, 四川省广汉市,516,否,否,否
沈阳建筑大学,沈阳市,辽宁省教育厅,0,36,工科,8,1, 沈阳市浑南新区浑南东路9号,517,否,否,否
沈阳大学,沈阳,辽宁省教育厅,1,10,综合,0,0, 辽宁省沈阳市大东区望花南街21号,无,否,否,否
海南师范大学,海口,海南省教育厅,0,12,师范,0,0, 海南省海口市龙昆南路99号,517,否,否,否
四川外国语大学,重庆市,重庆市教育委员会,0,0,语言,0,0, 重庆市沙坪坝区烈士墓壮志路33号,517,否,否,否
北京石油化工学院,北京市,北京市教育委员会,0,0,工科,0,0, 北京市大兴区黄村镇清源北路19号,517,否,否,否
浙江工商大学,杭州,浙江省教育厅,0,89,财经,1,21, 浙江省杭州市下沙高教园区学正街18号,518,否,否,否
浙江理工大学,杭州,浙江省教育厅,0,106,工科,0,14, 杭州下沙高教园区,518,否,否,否
吉林财经大学,长春,吉林省教育厅,0,8,财经,0,0, 吉林省长春市净月大街3699号,519,否,否,否
河南科技学院,新乡市,河南省教育厅,3,5,师范,0,0, 河南省新乡市华兰大道河南科技学院,无,否,否,否
中华女子学院,北京市,中华全国妇女联合会,0,0,语言,0,0, 北京市朝阳区育慧东路1号,519,否,否,否
中南民族大学,武汉,国家民族事务委员会,0,104,民族,13,7, 湖北省武汉市洪山区民院路708号,520,否,否,否
中央司法警官学院,保定,司法部,0,0,政法,2,0, 河北省保定市七一中路103号,520,否,否,否
天津商业大学,天津市,天津市教育委员会,0,66,财经,0,0, 天津市北辰区津霸公路东口,520,否,否,否
河北大学,保定,河北省教育厅,0,209,综合,1,37, 中国河北省保定市五四东路180号,521,否,否,否
青岛农业大学,青岛,山东省教育厅,0,91,农业,0,0, 山东省 青岛市 城阳区 长城路700号,521,否,否,否
上海立信会计学院,无,上海市教育委员会,0,0,财经,0,0, 上海市松江大学城文翔路2800号,521,否,否,否
天津理工大学,天津市,天津市教育委员会,0,84,工科,0,0, 中国天津市红旗南路延长线,522,否,否,否
石家庄铁道大学,石家庄,河北省教育厅,0,54,工科,3,2, 河北省石家庄市北二环东路17号,524,否,否,否
浙江万里学院,宁波,浙江省教育厅,1,2,工科,0,0, 宁波市钱湖南路8号浙江万里学院,无,否,否,否
潍坊学院,潍坊,山东省教育厅,10,0,综合,0,0, 山东省潍坊市东风东街5147号,无,否,否,否
南阳理工学院,南阳市,河南省教育厅,9,0,工科,0,0, 河南省南阳市长江路80号,无,否,否,否
沈阳医学院,无,辽宁省教育厅,7,0,医药,0,0, 辽宁省沈阳市黄河北大街146#,无,否,否,否
福建工程学院,福州,福建省教育厅,7,0,工科,0,0, 福州地区大学新区学园路3号,无,否,否,否
青岛理工大学琴岛学院,青岛,山东省教育厅,7,0,工科,0,0, 山东省青岛市城阳区铁骑山路79号,无,否,否,否
德州学院,德州,山东省教育厅,5,0,综合,0,0, 山东省德州市德城区大学西路566号（104国道北）,无,否,否,否
嘉应学院,梅州,广东省教育厅,3,0,综合,0,0, 广东省梅州市梅松路,无,否,否,否
钦州学院,无,广西壮族自治区教育厅,2,0,综合,0,0, 广西钦州市南珠西大街,无,否,否,否
唐山学院,唐山,河北省教育厅,2,0,工科,0,0, 河北省唐山市华岩北路38号,无,否,否,否
汉口学院,无,湖北省教育厅,2,0,工科,0,0, 湖北省武汉市江夏区文化路特1号,无,否,否,否
肇庆学院,肇庆,广东省教育厅,1,0,综合,0,0, 中国广东省肇庆市,无,否,否,否
商洛学院,商洛市,陕西省教育厅,1,0,综合,0,0, 陕西省商洛市北新街东段10号,无,否,否,否
重庆文理学院,重庆市,重庆市教育委员会,1,0,综合,0,0, 红河校区：重庆市永川经济技术开发区；星湖校区：重庆市永川卫星湖文化旅游区,无,否,否,否
河西学院,张掖,甘肃省教育厅,1,0,综合,0,0, 甘肃省张掖市北环路87号,无,否,否,否
潍坊科技学院,无,山东省教育厅,1,0,综合,0,0, 山东省寿光市学院路166号,无,否,否,否
嘉兴学院,嘉兴,浙江省教育厅,1,0,财经,0,0, 浙江嘉兴越秀南路56号,无,否,否,否
韩山师范学院,潮州,广东省教育厅,1,0,师范,0,0, 广东省潮州市桥东东兴路,无,否,否,否
泉州师范学院,泉州,福建省教育厅,1,0,师范,0,0, 福建省泉州市东海滨城,无,否,否,否
河南工程学院,郑州,河南省教育厅,1,0,工科,0,0, 河南省郑州市新郑龙湖中山北路1号,无,否,否,否
华北科技学院,三河市,国家安全生产监督管理局,1,0,工科,0,0, 北京东燕郊学院大街806号（206信箱）,无,否,否,否
北京农学院,北京市,北京市教育委员会,0,0,农业,0,0, 北京市昌平区回龙观北朱辛庄北农路7号,524,否,否,否
天津城建大学,天津市,天津市教育委员会,0,0,工科,0,0, 天津市西青区津静公路26号,525,否,否,否
福建医科大学,福州,福建省教育厅,0,62,医药,1,29, 上街校区：福州市闽侯县上街镇学园路1号；台江校区：福州市交通路88号,526,否,否,否
西安外国语大学,西安,陕西省教育厅,0,46,语言,3,0, 西安郭杜教育科技产业开发区文苑南路,526,否,否,否
黑龙江大学,哈尔滨,黑龙江省教育厅,0,125,综合,23,17, 黑龙江省哈尔滨市南岗区学府路74号,527,否,否,是
南京医科大学,南京,江苏省教育厅,0,84,医药,3,55, 南京市汉中路140号,527,否,否,否
浙江传媒学院,杭州,浙江省教育厅,0,1,语言,0,0, 浙江省杭州市下沙高教园区学源街998号,527,否,否,否
上海海事大学,上海市,上海市教育委员会,0,75,工科,1,19, 上海市浦东新区浦东大道1550号,528,否,否,否
北京物资学院,北京市,北京市教育委员会,0,6,财经,0,0, 北京市通州区富河大街1号,530,否,否,否
上海电力学院,上海市,上海市教育委员会,0,8,工科,0,0, 上海市平凉路2103号,531,否,否,否
成都理工大学,成都,四川省教育厅,0,136,工科,5,41, 四川省成都市二仙桥东三路1号,532,否,否,否
重庆医科大学,无,重庆市教育委员会,0,59,医药,33,28, 重庆市渝中区医学院路1号,532,否,否,否
广西医科大学,南宁,广西壮族自治区教育厅,0,47,医药,11,9, 广西南宁市双拥路22号,532,否,否,否
南京财经大学,南京,江苏省教育厅,0,69,财经,0,0, 江苏南京市仙林大学城文苑路3号,534,否,否,否
公安海警学院,宁波,公安部,0,0,政法,0,0, 浙江省宁波市北仑区小港红联公安海警学院,534,否,否,否
徐州医学院,徐州,江苏省教育厅,0,28,医药,5,0, 徐州市铜山路209号,536,否,否,否
中国民航大学,天津市,中国民用航空总局,0,62,工科,0,0, 天津市津北公路2898号,538,否,否,否
广东财经大学,广州,广东省教育厅,0,17,财经,0,1, 广东省广州市海珠区赤沙路21号,542,否,否,否
江西财经大学,南昌,江西省教育厅,0,102,财经,1,30, 江西省南昌市庐山南大道,547,否,否,否
华东政法大学,上海市,上海市教育委员会,0,34,政法,1,12, 上海市万航渡路1575号（长宁校区）,547,否,否,否
南京审计学院,南京,江苏省教育厅,0,0,财经,0,0, 江苏省南京市浦口区江浦街道雨山西路86号,550,否,否,否
温州医科大学,温州,浙江省教育厅,0,8,医药,4,1, 浙江省温州市茶山高教园区,560,否,否,否
沈阳农业大学,沈阳,辽宁省教育厅,0,68,农业,27,31, 辽宁省沈阳市东陵路120号,562,否,否,否
燕山大学,秦皇岛,河北省教育厅,0,45,工科,5,11, 河北秦皇岛市河北大街438号,562,否,否,否
天津财经大学,天津市,天津市教育委员会,0,19,财经,0,3, 天津市河西区珠江道25号,563,否,否,否
成都中医药大学,成都,四川省教育厅,0,56,医药,4,19, 成都市温江区柳台大道1166号，成都市十二桥路37号,568,否,否,否
北方工业大学,北京市,北京市教育委员会,0,26,工科,0,0, 北京市石景山区晋元庄路5号,568,否,否,否
西南政法大学,重庆市,重庆市教育委员会,0,48,政法,2,10, 重庆市沙坪坝区壮志路2号 （沙坪校区），重庆市渝北区回兴镇宝圣路（渝北校区）,570,否,否,否
中国人民公安大学,北京市,公安部,0,9,政法,2,0, 北京市西城区复兴门外木樨地南里甲1号,570,否,否,否
北京信息科技大学,北京市,无,0,54,综合,0,0, 北京市海淀区清河小营东路12号,571,否,否,否
上海对外经贸大学,无,上海市教育委员会,0,32,财经,0,0, 上海市松江区文翔路1900号,572,否,否,否
广东外语外贸大学,广州,广东省教育厅,0,48,语言,0,12, 中国广州市白云区白云大道北2号(北校区)，中国广州市番禺区小谷围广州大学城(南校区),575,否,否,否
南京信息工程大学,南京,江苏省教育厅,0,0,工科,0,0, 江苏省南京市宁六路219号,575,否,否,否
中国刑事警察学院,沈阳,公安部,0,7,政法,0,0, 辽宁省沈阳市皇姑区塔湾街83号,576,否,否,否
中国青年政治学院,北京市,中国共产主义青年团中央,0,6,政法,0,0, 北京市海淀区西三环北路25号,581,否,否,否
西交利物浦大学,苏州,江苏省教育厅,0,0,综合,0,0, 江苏省苏州市独墅湖科教创新区仁爱路111号,582,否,否,否
东北财经大学,大连,辽宁省教育厅,0,76,财经,3,46, 辽宁省大连市沙河口区尖山街217号,588,否,否,否
广州中医药大学,广州,广东省教育厅,0,24,医药,6,19, 广州市番禺区广州大学城外环东路232号（大学城），广东省广州市三元里机场路12号（三元里）,588,否,否,否
广西师范大学,桂林,广西壮族自治区教育厅,0,172,师范,14,12, 广西桂林市育才路15号,591,否,否,否
宁波诺丁汉大学,无,浙江省教育厅,0,0,综合,2,0, 浙江省宁波市鄞州高教园区泰康东路199号,592,否,否,否
北京电影学院,北京,北京市教育委员会,0,8,艺术,3,1, 北京市海淀区西土城路4号,593,否,否,否
北京第二外国语学院,北京市,北京市教育委员会,0,12,语言,0,0, 北京市朝阳区定福庄南里1号,593,否,否,否
北京师范大学-香港浸会大学联合国际学院,珠海,广东,0,0,综合,0,0, 广东省珠海市香洲区唐家湾金凤路28号,598,否,否,否
大连医科大学,无,辽宁省教育厅,0,70,医药,1,41, 辽宁省大连市旅顺口区旅顺南路西段9号,602,否,否,否
北京师范大学珠海分校,珠海,广东省教育厅,0,0,综合,0,0, 广东省珠海市唐家湾金凤路18号,612,否,否,否
国际关系学院,北京市,教育部,0,0,政法,0,0, 北京市海淀区坡上村12号,612,否,否,否
上海海关学院,无,海关总署,0,0,综合,0,0, 上海市浦东新区华夏西路5677号,615,否,否,否
首都经济贸易大学,北京市,北京市教育委员会,0,23,财经,1,7, 北京市丰台区花乡张家路口 121 号（校本部）；北京市朝阳区朝阳门外金台里2号（红庙校区）,621,否,否,否
北京语言大学,北京市,教育部,0,0,语言,1,0, 北京市海淀区学院路15号,650,否,否,是
外交学院,北京市,外交部,0,8,语言,0,2, 北京市西城区展览馆路24号,651,否,否,否
南方科技大学,深圳,无,0,0,综合,0,0, 广东省深圳市南山区西丽大学城学苑大道1088号,无,否,否,是
上海建桥学院,无,上海市教育委员会,0,0,综合,0,0, 上海市康桥路1500号,无,否,否,是
烟台南山学院,烟台,山东省教育厅,0,0,工科,0,0, 山东省烟台龙口市东海开发区,无,否,否,是
安徽师范大学,芜湖,安徽省教育厅,0,154,师范,17,50, 安徽省芜湖市北京东路1号（赭山校区），芜湖市九华南路189号（花津校区）,无,否,否,否
内蒙古农业大学,无,内蒙古自治区教育厅,0,94,农业,7,48, 内蒙古呼和浩特市昭乌达路306号,无,否,否,否
河北农业大学,保定,河北省教育厅,0,97,农业,1,42, 河北省保定市灵雨寺街289号,无,否,否,否
广东工业大学,广州,广东省教育厅,0,90,工科,0,31, 广州市番禺区广州大学城外环西路100号,无,否,否,否
吉林农业大学,长春,吉林省教育厅,0,72,农业,1,23, 吉林省长春市新城大街2888号,无,否,否,否
黑龙江中医药大学,哈尔滨,黑龙江省教育厅,0,28,医药,4,22, 中国黑龙江省哈尔滨市动力区和平路24号,无,否,否,否
辽宁中医药大学,无,辽宁省教育厅,0,18,医药,13,16, 辽宁省大连市双D港生命路1路77号,无,否,否,否
中国矿业大学徐海学院,徐州,江苏省教育厅,0,44,工科,9,16, 江苏徐州中国矿业大学（文昌校区）徐海学院,无,否,否,否
上海中医药大学,上海市,上海市教育委员会,0,23,医药,4,15, 上海市浦东新区蔡伦路1200号,无,否,否,否
福建中医药大学,福州,福建省教育厅,0,42,医药,0,15, 福建省福州市闽侯上街华佗路1号,无,否,否,否
湖北中医药大学,武汉,湖北省教育厅,0,23,医药,16,13, 湖北省武汉市洪山区黄家湖西路1号,无,否,否,否
云南师范大学,昆明,云南省教育厅,0,156,师范,14,8, 昆明市一二・一大街298号,无,否,否,否
上海体育学院,上海市,上海市教育委员会,0,12,体育,11,7, 上海市杨浦区清源环路650号,无,否,否,否
新疆农业大学,乌鲁木齐,新疆维吾尔自治区教育厅,0,37,农业,7,6, 新疆乌鲁木齐市南昌路42号,无,否,否,否
湖北工业大学,武汉市,湖北省教育厅,0,92,工科,17,5, 湖北省武汉市李家墩一村特1号,无,否,否,否
云南农业大学,昆明,云南省教育厅,0,34,农业,17,5, 云南省昆明市北市区黑龙潭,无,否,否,否
南京艺术学院,南京,江苏省教育厅,0,5,艺术,0,5, 南京市虎踞北路15号,无,否,否,否
西华师范大学,南充,四川省教育厅,0,35,师范,7,4, 四川省南充市师大路1号,无,否,否,否
中央戏剧学院,北京,教育部,0,0,艺术,1,3, 北京市东城区东棉花胡同39号,无,否,否,否
长江大学文理学院,荆州,湖北省教育厅,0,46,工科,0,3, 湖北省荆州市荆州城郢都路18号,无,否,否,否
新疆财经大学,乌鲁木齐市,新疆维吾尔自治区教育厅,0,41,财经,0,3, 乌鲁木齐市北京南路18号,无,否,否,否
西安工业大学,西安,陕西省教育厅,0,29,工科,0,3, 陕西省西安市金花北路4号,无,否,否,否
上海音乐学院,无,上海市教育委员会,0,3,艺术,0,3, 上海市汾阳路20号,无,否,否,否
四川师范大学,成都,四川省教育厅,0,64,师范,23,2, 四川省成都市锦江区静安路5号(校本部),无,否,否,否
安徽中医药大学,合肥,安徽省教育厅,0,29,医药,17,2, 合肥市梅山路103号（东区）；合肥市史河路45号 （西区）,无,否,否,否
长春中医药大学,长春,吉林省教育厅,0,24,医药,8,2, 吉林省长春净月潭旅游经济开发区博硕路1035号,无,否,否,否
安徽工业大学,马鞍山,安徽省教育厅,0,40,工科,0,2, 安徽省马鞍山市湖东中路59号,无,否,否,否
川北医学院,南充,四川省教育厅,0,22,医药,0,2, 中国四川省南充市涪江路234号,无,否,否,否
中央美术学院,无,教育部,0,3,艺术,0,2, 中国北京朝阳区花家地南街8号,无,否,否,否
云南民族大学,昆明市,云南省教育厅,0,50,民族,10,1, 云南省昆明市一二一大街134号,无,否,否,否
西北民族大学,兰州,国家民族事务委员会,0,31,民族,3,1, 甘肃省兰州市城关区西北新村1号,无,否,否,否
西安美术学院,西安,陕西省教育厅,0,2,艺术,1,1, 中国西安含光路南段100号,无,否,否,否
中国音乐学院,无,北京市教育委员会,0,1,艺术,1,1, 北京朝阳区安翔路一号,无,否,否,否
贵州医科大学,贵阳,贵州省教育厅,0,51,医药,0,1, 贵州省贵阳市北京路9号,无,否,否,否
常州大学,常州,江苏省教育厅,0,49,工科,0,1, 江苏省常州市科教城武进校区（校本部）,无,否,否,否
闽南师范大学,漳州,福建省教育厅,0,33,师范,30,0, 福建省漳州市芗城区县前直街36号,无,否,否,否
新乡医学院,新乡,河南省教育厅,0,9,医药,19,0, 河南省新乡市金穗大道东段,无,否,否,否
广东医学院,湛江，东莞,广东省教育厅,0,13,医药,18,0, 广东湛江霞山文明东路2号（湛江校区），广东东莞松山湖科技园（东莞校区）,无,否,否,否
阜阳师范学院,阜阳,安徽省教育厅,0,0,师范,18,0, 安徽省阜阳市清河东路741号,无,否,否,否
中原工学院,郑州,河南省教育厅,0,49,工科,17,0, 河南省郑州市中原中路41号,无,否,否,否
岭南师范学院,湛江,广东省教育厅,0,0,师范,17,0, 广东省湛江市赤坎区寸金路29号,无,否,否,否
广东药学院,广州,广东省教育厅,0,27,医药,16,0, 广州市广州大学城外环东路280号,无,否,否,否
贵州财经大学,贵阳,贵州省教育厅,0,23,财经,16,0, 贵阳市云岩区鹿冲关路276号,无,否,否,否
咸阳师范学院,咸阳,陕西省教育厅,0,0,师范,13,0, 陕西省咸阳市文林路,无,否,否,否
通化师范学院,通化,吉林省教育厅,0,0,师范,11,0, 吉林省通化市育才路950号,无,否,否,否
安庆师范学院,安庆,安徽省教育厅,0,4,师范,9,0, 菱湖校区：安庆市菱湖南路128号 ，龙山校区：安庆市集贤北路1318号,无,否,否,否
台州学院,临海,浙江省教育厅,0,0,综合,9,0, 浙江省临海市东方大道605号,无,否,否,否
信阳师范学院,信阳,河南省教育厅,0,67,师范,8,0, 河南省信阳市长安路237号,无,否,否,否
贵州师范大学,贵阳,贵州省教育厅,0,44,师范,8,0, 贵州省贵阳市宝山北路116号,无,否,否,否
渤海大学,锦州,辽宁省教育厅,0,30,综合,8,0, 辽宁省锦州高新技术产业开发区科技路19号,无,否,否,否
菏泽学院,菏泽,山东省教育厅,0,0,综合,8,0, 菏泽市大学路,无,否,否,否
江西科技师范大学,南昌,江西省教育厅,0,37,师范,7,0, 南昌市红角洲学府大道589号,无,否,否,否
云南中医学院,昆明,云南省教育厅,0,19,医药,7,0, 云南省昆明市呈贡新城雨花路1076号,无,否,否,否
桂林理工大学,桂林,无,0,16,工科,7,0, 广西桂林市七星区建干路12号,无,否,否,否
呼伦贝尔学院,呼伦贝尔,内蒙古自治区教育厅,0,0,综合,7,0, 内蒙古呼伦贝尔市海拉尔区学府路83号,无,否,否,否
广西中医药大学,南宁,广西壮族自治区教育厅,0,45,医药,6,0, 中国广西南宁市明秀东路179号,无,否,否,否
蚌埠医学院,无,安徽省教育厅,0,34,医药,6,0, 蚌埠大学城东海大道2600号,无,否,否,否
武汉体育学院,武汉,湖北省教育厅,0,8,体育,6,0, 湖北省武汉市洪山区珞瑜路461号,无,否,否,否
攀枝花学院,攀枝花市,四川省教育厅,0,0,综合,6,0, 四川省攀枝花市东区机场路10号,无,否,否,否
郑州工业应用技术学院,无,河南省教育厅,0,0,工科,6,0, 郑州南大学城新郑新区中华北路,无,否,否,否
西南林业大学,昆明,云南省教育厅,0,53,林业,5,0, 云南省昆明市白龙寺274号,无,否,否,否
广西民族大学,南宁,广西壮族自治区教育厅,0,42,民族,5,0, 广西南宁市大学东路188号,无,否,否,否
湖北师范学院,黄石,湖北省教育厅,0,26,师范,5,0, 湖北省黄石市磁湖路82号,无,否,否,否
甘肃中医药大学,兰州,甘肃省教育厅,0,16,医药,5,0, 兰州市定西东路35号,无,否,否,否
宜春学院,宜春市,江西省教育厅,0,0,综合,5,0, 江西省宜春市学府路576号,无,否,否,否
赣南医学院,赣州,江西省教育厅,0,0,医药,5,0, 江西省赣州市医学院路1号,无,否,否,否
长治医学院,长治,山西省教育厅,0,0,医药,5,0, 山西省长治市解放东街161号,无,否,否,否
忻州师范学院,忻州,山西省教育厅,0,0,师范,5,0, 山西省忻州市和平西路10号,无,否,否,否
上饶师范学院,上饶,江西省教育厅,0,0,师范,5,0, 江西省上饶市南环路85号,无,否,否,否
黑龙江科技大学,哈尔滨,黑龙江省教育厅,0,60,工科,4,0, 黑龙江省哈尔滨市松北区糖厂街1号,无,否,否,否
五邑大学,江门市,广东省教育厅,0,27,综合,4,0, 广东江门市东成村22号,无,否,否,否
内蒙古医科大学,无,内蒙古自治区教育厅,0,21,医药,4,0, 内蒙古呼和浩特市新华大街5号,无,否,否,否
黑龙江工程学院,哈尔滨,黑龙江省教育厅,0,18,工科,4,0, 哈尔滨市道外区红旗大街999号,无,否,否,否
西安体育学院,西安,陕西省教育厅,0,7,体育,4,0, 陕西省西安市含光北路65号,无,否,否,否
武汉音乐学院,武汉市,湖北省教育厅,0,7,艺术,4,0, 中国湖北省武汉市武昌区解放路255号,无,否,否,否
云南艺术学院,昆明,云南省教育厅,0,6,艺术,4,0, 昆明市五华区麻园艺苑巷4号,无,否,否,否
湖州师范学院,湖州,浙江省教育厅,0,1,师范,4,0, 浙江省湖州市学士路1号,无,否,否,否
韶关学院,韶关,广东省教育厅,0,0,综合,4,0, 广东省韶关市大塘路,无,否,否,否
湖南文理学院,常德,湖南省教育厅,0,0,综合,4,0, 湖南省常德市洞庭大道西段170号,无,否,否,否
延安大学,延安,陕西省教育厅,0,23,综合,3,0, 中国陕西延安市杨家岭,无,否,否,否
陕西中医药大学,咸阳,陕西省教育厅,0,18,医药,3,0, 陕西省咸阳市陈阳寨世纪大道,无,否,否,否
天津外国语大学,无,天津市教育委员会,0,12,语言,3,0, 天津市河西区马场道117号,无,否,否,否
哈尔滨体育学院,哈尔滨,黑龙江省教育厅,0,3,体育,3,0, 哈尔滨市南岗区大成街1号,无,否,否,否
浙江科技学院,杭州,浙江省教育厅,0,3,工科,3,0, 杭州市小和山高教园区留和路318号,无,否,否,否
衡阳师范学院,衡阳,湖南省教育厅,0,0,师范,3,0, 湖南省衡阳市黄白路165号,无,否,否,否
太原师范学院,无,山西省教育厅,0,0,师范,3,0, 太原市南内环街189号,无,否,否,否
长春师范大学,长春,吉林省教育厅,0,6,师范,2,0, 吉林省长春市二道区长吉北街（路）677号,无,否,否,否
广州体育学院,广州,广东省教育厅,0,5,体育,2,0, 广东省广州市广州大道中1268号,无,否,否,否
牡丹江师范学院,牡丹江,黑龙江省教育厅,0,5,师范,2,0, 牡丹江文化街19号,无,否,否,否
河北科技师范学院,秦皇岛,河北省教育厅,0,4,师范,2,0, 秦皇岛市海港区河北大街西段360号,无,否,否,否
广州美术学院,广州,广东省教育厅,0,3,艺术,2,0, 广州市海珠区昌岗东路257号/番禺区大学城外环西路168号,无,否,否,否
湖南城市学院,益阳市,湖南省教育厅,0,0,综合,2,0, 湖南省益阳市银城南路,无,否,否,否
长春大学,长春市,吉林省教育厅,0,0,综合,2,0, 吉林省长春市朝阳区卫星路６５４３号,无,否,否,否
湖北文理学院,无,湖北省教育厅,0,0,综合,2,0, 湖北省襄樊市隆中路7号,无,否,否,否
曲靖师范学院,曲靖,云南省教育厅,0,0,师范,2,0, 云南省曲靖市麒麟区三江大道,无,否,否,否
丽水学院,无,浙江省教育厅,0,0,师范,2,0, 丽水市学院路1号,无,否,否,否
鲁迅美术学院,无,辽宁省教育厅,0,0,艺术,2,0, 辽宁省沈阳市和平区三好街十九号,无,否,否,否
宁夏医科大学,银川,宁夏回族自治区教育厅,0,28,医药,1,0, 宁夏银川市兴庆区胜利街1160号,无,否,否,否
辽宁工业大学,无,辽宁省教育厅,0,21,工科,1,0, 辽宁省锦州市古塔区士英街169号,无,否,否,否
中国戏曲学院,北京,北京市教育委员会,0,4,艺术,1,0, 北京市宣武区里仁街３号,无,否,否,否
四川音乐学院,成都,四川省教育厅,0,2,艺术,1,0, 四川省成都市新生路6号,无,否,否,否
泰山学院,泰安,山东省教育厅,0,0,综合,1,0, 泰安市迎宾大道中段,无,否,否,否
湖北工程学院,孝感,湖北省教育厅,0,0,综合,1,0, 湖北省孝感市交通大道272号,无,否,否,否
湖南涉外经济学院,无,湖南省教育厅,0,0,综合,1,0, 湖南省长沙市岳麓区高新技术产业开发区麓谷园,无,否,否,否
浙江外国语学院,杭州,浙江省教育厅,0,0,语言,1,0, 浙江省杭州市文三路140号,无,否,否,否
河北体育学院,石家庄,河北省教育厅,0,0,体育,1,0, 河北省石家庄市学府路82号,无,否,否,否
西安医学院,无,陕西省教育厅,0,0,医药,1,0, 西安市未央区辛王路1号,无,否,否,否
吉林医药学院,无,吉林省教育厅,0,0,医药,1,0, 吉林省吉林市吉林大街5号,无,否,否,否
河北民族师范学院,承德市,河北省教育厅,0,0,师范,1,0, 河北省承德市开发区高教园区,无,否,否,否
白城师范学院,白城,吉林省教育厅,0,0,师范,1,0, 吉林省白城市中兴东大路9号,无,否,否,否
运城学院,无,山西省教育厅,0,0,师范,1,0, 山西省运城市河东东街333号,无,否,否,否
湖北美术学院,武汉,湖北省教育厅,0,0,艺术,1,0, 湖北武汉市武昌区中山路374号,无,否,否,否
中国美术学院,无,浙江省教育厅,0,0,艺术,1,0, 浙江省杭州市南山路218号,无,否,否,否
安阳工学院,安阳市,河南省教育厅,0,0,工科,1,0, 安阳市黄河大道,无,否,否,否
宁波工程学院,宁波,浙江省教育厅,0,0,工科,1,0, 宁波市江北区风华路201号,无,否,否,否
河南城建学院,平顶山,河南省教育厅,0,0,工科,1,0, 河南省平顶山市新城区,无,否,否,否
新疆师范大学,乌鲁木齐,新疆维吾尔自治区教育厅,0,112,师范,0,0, 新疆乌鲁木齐市新医路102号,无,否,否,否
赣南师范学院,赣州,江西省教育厅,0,75,师范,0,0, 江西省赣州经济技术开发区,无,否,否,否
河北经贸大学,石家庄,河北省教育厅,0,70,财经,0,0, 河北省石家庄市学府路47号,无,否,否,否
内蒙古科技大学,包头,内蒙古自治区教育厅,0,67,综合,0,0, 内蒙古包头市昆区阿尔丁大街7号,无,否,否,否
青海民族大学,西宁,青海省教育厅,0,62,民族,0,0, 青海省西宁市城东区八一中路3号,无,否,否,否
安徽工程大学,芜湖,安徽省教育厅,0,51,工科,0,0, 安徽省芜湖市赭山东路8号,无,否,否,否
重庆理工大学,重庆市,无,0,50,工科,0,0, 重庆市九龙坡区杨家坪兴胜路4号,无,否,否,否
温州大学,温州市,浙江省教育厅,0,45,工科,0,0, 浙江省温州市高教园区温大行政楼409室,无,否,否,否
广西艺术学院,南宁,广西壮族自治区教育厅,0,41,艺术,0,0, 广西南宁市教育路7号,无,否,否,否
河北科技大学,石家庄,河北省教育厅,0,36,工科,0,0, 新校区：河北省石家庄市裕翔街26号；中校区：河北省石家庄市裕华东路70号,无,否,否,否
佳木斯大学,佳木斯,黑龙江省教育厅,0,34,综合,0,0, 黑龙江省佳木斯市学府街148号,无,否,否,否
皖南医学院,芜湖,安徽省教育厅,0,34,医药,0,0, 安徽省芜湖市高教园区纬六路10号,无,否,否,否
兰州财经大学,兰州,甘肃省教育厅,0,29,财经,0,0, 中国甘肃省兰州市榆中县和平镇,无,否,否,否
陕西理工学院,汉中,陕西省教育厅,0,27,工科,0,0, 陕西省汉中市汉台区东一环路,无,否,否,否
塔里木大学,阿拉尔,新疆生产建设兵团,0,24,综合,0,0, 新疆・阿拉尔市,无,否,否,否
安徽科技学院,蚌埠,安徽省教育厅,0,23,工科,0,0, 安徽省凤阳县东华路9号（蚌埠市东20公里）,无,否,否,否
吉首大学,吉首,湖南省教育厅,0,20,综合,0,0, 湖南省吉首市人民南路120号,无,否,否,否
内蒙古民族大学,通辽市,内蒙古自治区教育厅,0,19,综合,0,0, 内蒙古自治区通辽市霍林河大街22号,无,否,否,否
广西师范学院,无,广西壮族自治区教育厅,0,19,师范,0,0, 南宁市明秀东路175号,无,否,否,否
黄冈师范学院,黄冈,湖北省教育厅,0,14,师范,0,0, 湖北省黄冈开发区新港二路146号,无,否,否,否
喀什大学,喀什,新疆维吾尔自治区教育厅,0,12,师范,0,0, 新疆喀什市阔纳乃则尔巴格路463号,无,否,否,否
西安音乐学院,西安,陕西省教育厅,0,12,艺术,0,0, 陕西省西安市长安中路108号,无,否,否,否
青海师范大学,西宁,青海省教育厅,0,10,师范,0,0, 青海省西宁市五四西路38号,无,否,否,否
山东艺术学院,济南,山东省教育厅,0,8,艺术,0,0, 济南市文化东路91号,无,否,否,否
中国人民武装警察部队学院,廊坊,公安部,0,7,政法,0,0, 河北省廊坊市西小区,无,否,否,否
天津体育学院,天津市,天津市教育委员会,0,7,体育,0,0, 天津市河西区卫津南路51号,无,否,否,否
贵州民族大学,贵阳,贵州省教育厅,0,6,民族,0,0, 贵州省贵阳市花溪区,无,否,否,否
西藏民族大学,咸阳,西藏自治区教育厅,0,6,民族,0,0, 陕西省咸阳市文汇东路6号,无,否,否,否
南京体育学院,无,江苏省教育厅,0,5,体育,0,0, 南京市灵谷寺路8号,无,否,否,否
内蒙古财经大学,无,内蒙古自治区教育厅,0,5,财经,0,0, 内蒙古呼和浩特呼包公路1.5公里处(西)，内蒙古呼和浩特海拉尔大街47号(东),无,否,否,否
仲恺农业工程学院,广州,广东省教育厅,0,5,农业,0,0, 广东省广州市海珠区纺织路东沙街24号,无,否,否,否
吉林艺术学院,长春,吉林省教育厅,0,5,艺术,0,0, 吉林省长春市自由大路695号,无,否,否,否
四川理工学院,自贡市,四川省教育厅,0,5,工科,0,0, 四川省自贡市汇兴路学苑街180号,无,否,否,否
山东体育学院,济南市,山东省教育厅,0,4,体育,0,0, 济南市文化西路10号,无,否,否,否
广东技术师范学院,广州,广东省教育厅,0,4,师范,0,0, 广州市天河区中山大道293号,无,否,否,否
伊犁师范学院,伊宁,新疆维吾尔自治区教育厅,0,3,师范,0,0, 新疆伊宁市解放西路298号,无,否,否,否
天津音乐学院,无,天津市教育委员会,0,3,艺术,0,0, 天津市河东区十一经路五十七号,无,否,否,否
湖北文理学院理工学院,襄阳,湖北省教育厅,0,0,综合,0,0, 湖北省襄阳市中原路48号,无,否,否,否
江苏大学京江学院,镇江,江苏省教育厅,0,0,综合,0,0, 镇江市学府路301号,无,否,否,否
福州大学至诚学院,福州,福建省教育厅,0,0,综合,0,0, 福州市杨桥西路50号,无,否,否,否
闽江学院,福州,福建省教育厅,0,0,综合,0,0, 福州大学城文贤路1号,无,否,否,否
福建师范大学协和学院,福州,福建省教育厅,0,0,综合,0,0, 福州市闽侯上街大学城学园南路1号,无,否,否,否
新余学院,新余,江西省教育厅,0,0,综合,0,0, 江西省新余市高新区阳光大道2666号,无,否,否,否
新乡学院,新乡,河南省教育厅,0,0,综合,0,0, 新乡市金穗大道东段,无,否,否,否
辽宁理工学院,锦州,辽宁省教育厅,0,0,综合,0,0, 辽宁省锦州市高新技术产业园区昆明街二号,无,否,否,否
温州大学城市学院,温州,浙江省教育厅,0,0,综合,0,0, 温州市茶山高教园区,无,否,否,否
湘潭大学兴湘学院,湘潭市,湖南省教育厅,0,0,综合,0,0, 湖南省湘潭市西郊湘潭大学兴湘学院,无,否,否,否
湖南科技大学潇湘学院,湘潭,湖南省教育厅,0,0,综合,0,0, 湖南省湘潭市桃园路,无,否,否,否
广东海洋大学寸金学院,湛江,广东省教育厅,0,0,综合,0,0, 广东省湛江市麻章区学智路二号,无,否,否,否
黑河学院,黑河,黑龙江省教育厅,0,0,综合,0,0, 黑龙江省黑河市经济开发区,无,否,否,否
厦门工学院,厦门,福建省教育厅,0,0,综合,0,0, 福建省厦门市集美文教区华侨大学厦门工学院,无,否,否,否
集美大学诚毅学院,厦门,福建省教育厅,0,0,综合,0,0, 厦门集美区集美大道 199 号,无,否,否,否
惠州学院,惠州,广东省教育厅,0,0,综合,0,0, 广东惠州市演达大道46号,无,否,否,否
辽宁财贸学院,葫芦岛市,辽宁省教育厅,0,0,综合,0,0, 辽宁省兴城市新东路14号,无,否,否,否
四川大学锦江学院,彭山,四川省教育厅,0,0,综合,0,0, 四川彭山锦江大道1号,无,否,否,否
中国矿业大学银川学院,银川,宁夏回族自治区教育厅,0,0,综合,0,0, 宁夏银川市西夏区金波北街,无,否,否,否
宁夏大学新华学院,银川,宁夏回族自治区教育厅,0,0,综合,0,0, 宁夏银川市西夏区贺兰山西路686号,无,否,否,否
铜仁学院,铜仁,贵州省教育厅,0,0,综合,0,0, 贵州省铜仁市清水大道103号（原清水南路17号）,无,否,否,否
广西民族师范学院,崇左,无,0,0,综合,0,0, 广西崇左市龙州县独山路 125 号,无,否,否,否
常熟理工学院,常熟,江苏省教育厅,0,0,综合,0,0, 江苏省常熟市南三环路99号、常熟市元和路98号,无,否,否,否
湖南应用技术学院,常德,湖南省教育厅,0,0,综合,0,0, 湖南省常德市鼎城区善卷路,无,否,否,否
湖南文理学院芙蓉学院,常德,湖南省教育厅,0,0,综合,0,0, 湖南省常德市青年东路,无,否,否,否
常州大学怀德学院,常州,无,0,0,综合,0,0, 江苏省常州市钟楼区星园路,无,否,否,否
梧州学院,梧州市,广西壮族自治区教育厅,0,0,综合,0,0, 广西梧州市富民三路82号（北校区),无,否,否,否
萍乡学院,萍乡,江西省教育厅,0,0,综合,0,0, 江西省萍乡市安源新区,无,否,否,否
聊城大学东昌学院,聊城,山东省教育厅,0,0,综合,0,0, 山东省聊城市经济开发区黄河路105号,无,否,否,否
绥化学院,绥化,黑龙江省教育厅,0,0,综合,0,0, 黑龙江省绥化市黄河南路18号,无,否,否,否
烟台大学文经学院,烟台,山东省教育厅,0,0,综合,0,0, 烟台市莱山区港城东大街100号,无,否,否,否
江苏师范大学科文学院,徐州,江苏省教育厅,0,0,综合,0,0, 徐州市铜山新区上海路101号,无,否,否,否
桂林理工大学博文管理学院,桂林,广西省教育厅,0,0,综合,0,0, 广西桂林市雁山区雁山街317号,无,否,否,否
广西师范大学漓江学院,桂林,广西壮族自治区教育厅,0,0,综合,0,0, 广西桂林市雁山区雁山镇雁中路3号,无,否,否,否
山东财经大学东方学院,泰安,山东省教育厅,0,0,综合,0,0, 山东省泰安市高新区文化区,无,否,否,否
山东科技大学泰山科技学院,泰安,山东省教育厅,0,0,综合,0,0, 山东省泰安市泰山大街中段,无,否,否,否
贺州学院,贺州,广西壮族自治区教育厅,0,0,综合,0,0, 广西贺州市芳林路147号,无,否,否,否
山东管理学院,济南市,山东省教育厅,0,0,综合,0,0, 济南市桑园路60号(东校区),无,否,否,否
山东青年政治学院,济南市,山东省教育厅,0,0,综合,0,0, 济南市经十东路31699号（教学本部）,无,否,否,否
山东师范大学历山学院,济南,山东省教育厅,0,0,综合,0,0, 山东省济南市文化东路88号,无,否,否,否
山东财经大学燕山学院,济南,山东省教育厅,0,0,综合,0,0, 济南市经十东路东首大学路1686号,无,否,否,否
齐鲁师范学院,济南,山东省教育厅,0,0,综合,0,0, 山东省济南市历山路36号,无,否,否,否
山东女子学院,济南,山东省教育厅,0,0,综合,0,0, 济南市长清大学科技园大学路2399号（长清校区）  济南市玉函路45号（市中校区）,无,否,否,否
重庆大学城市科技学院,重庆,重庆市教育委员会,0,0,综合,0,0, 重庆市永川区光彩大道368号,无,否,否,否
重庆人文科技学院,重庆,重庆市教育委员会,0,0,综合,0,0, 重庆市合川区草街街道学院街256号,无,否,否,否
香港珠海学院,香港,无,0,0,综合,0,0, 香港新界荃湾海滨花园怡乐街,无,否,否,否
哈尔滨学院,哈尔滨,黑龙江省教育厅,0,0,综合,0,0, 哈尔滨市南岗区学府四道街9号,无,否,否,否
哈尔滨广厦学院,哈尔滨,黑龙江省教育厅,0,0,综合,0,0, 黑龙江省哈尔滨市利民开发区学院路1号,无,否,否,否
黑龙江财经学院,哈尔滨,黑龙江省,0,0,综合,0,0, 哈尔滨市利民开发区学院路99号,无,否,否,否
贵州大学科技学院,贵阳,贵州省教育厅,0,0,综合,0,0, 贵州省贵阳市云岩区南垭路67号,无,否,否,否
贵州大学明德学院,贵阳,贵州省教育厅,0,0,综合,0,0, 贵州省贵阳市新添大道南段286号,无,否,否,否
南京医科大学康达学院,南京,江苏省教育厅,0,0,综合,0,0, 南京市汉中路140号南京医科大学康达学院,无,否,否,否
南京财经大学红山学院,南京,江苏省教育厅,0,0,综合,0,0, 南京市鼓楼区铁路北街128号,无,否,否,否
南京大学金陵学院,南京,江苏省教育厅,0,0,综合,0,0, 南京市浦口区沿江镇学府路8号,无,否,否,否
南京工业大学浦江学院,南京,江苏省教育厅,0,0,综合,0,0, 南京市中山北路200号,无,否,否,否
南京师范大学中北学院,南京,江苏省教育厅,0,0,综合,0,0, 江苏省南京市文苑路1号,无,否,否,否
南京信息工程大学滨江学院,南京,江苏省教育厅,0,0,综合,0,0, 江苏南京浦口区龙山北路6号,无,否,否,否
东南大学成贤学院,南京,江苏省教育厅,0,0,综合,0,0, 南京市浦口区东大路6号,无,否,否,否
南昌大学共青学院,南昌,江西省教育厅,0,0,综合,0,0, 江西省共青城开放开发区,无,否,否,否
南昌大学科学技术学院,南昌,江西省教育厅,0,0,综合,0,0, 南昌市北京东路339号,无,否,否,否
广西师范学院师园学院,南宁,广西壮族自治区教育厅,0,0,综合,0,0, 广西南宁市明阳工业区明阳大道15号,无,否,否,否
广西大学行健文理学院,南宁,广西壮族自治区教育厅,0,0,综合,0,0, 广西南宁市秀灵路75号,无,否,否,否
洛阳理工学院,洛阳,河南省教育厅,0,0,综合,0,0, 洛阳市洛龙区王城大道90号,无,否,否,否
南通大学杏林学院,南通,江苏省教育厅,0,0,综合,0,0, 江苏省南通市啬园路9号,无,否,否,否
西南交通大学希望学院,南充,四川省教育厅,0,0,综合,0,0, 四川省南充市嘉陵区于陛路,无,否,否,否
宜宾学院,宜宾,四川省教育厅,0,0,综合,0,0, 四川省宜宾市五粮液大道东段酒圣路8号,无,否,否,否
浙江师范大学行知学院,金华,浙江省教育厅,0,0,综合,0,0, 浙江省金华市二环北路3366号,无,否,否,否
阜阳师范学院信息工程学院,阜阳,安徽省教育厅,0,0,综合,0,0, 安徽省阜阳市清河东路741号,无,否,否,否
凯里学院,凯里市,贵州省教育厅,0,0,综合,0,0, 贵州省凯里经济开发区开元大道3号,无,否,否,否
呼和浩特民族学院,呼和浩特,无,0,0,综合,0,0, 内蒙古自治区呼和浩特市新城区通道北路56号,无,否,否,否
枣庄学院,枣庄,山东省教育厅,0,0,综合,0,0, 枣庄市市中区北安路,无,否,否,否
广东石油化工学院,茂名,广东省教育厅,0,0,综合,0,0, 广东省茂名市官渡二路139号,无,否,否,否
北京电影学院现代创意媒体学院,青岛,山东省教育厅,0,0,综合,0,0, 山东青岛经济技术开发区金沙滩路689号,无,否,否,否
青岛工学院,青岛,山东省教育厅,0,0,综合,0,0, 山东省青岛胶州市福州南路236号,无,否,否,否
武夷学院,武夷山,福建省教育厅,0,0,综合,0,0, 福建省武夷山市武夷大道16号,无,否,否,否
黑龙江工业学院,鸡西,黑龙江省教育厅,0,0,综合,0,0, 黑龙江省鸡西市鸡冠区和平南大街99号,无,否,否,否
江苏科技大学苏州理工学院,张家港,江苏省教育厅,0,0,综合,0,0, 江苏省张家港市长兴中路8号科技新城,无,否,否,否
吉首大学张家界学院,张家界,湖南省教育厅,0,0,综合,0,0, 湖南省张家界市吉首大学张家界学院,无,否,否,否
怀化学院,怀化,湖南省教育厅,0,0,综合,0,0, 湖南省怀化市迎丰东路612号,无,否,否,否
佛山科学技术学院,佛山,广东省教育厅,0,0,综合,0,0, 佛山市江湾一路18号,无,否,否,否
苏州科技学院天平学院,苏州,江苏省教育厅,0,0,综合,0,0, 苏州市高新区长江路8号,无,否,否,否
苏州大学文正学院,苏州,江苏省教育厅,0,0,综合,0,0, 苏州市吴中区吴中大道1188号,无,否,否,否
苏州大学应用技术学院,苏州,江苏省教育厅,0,0,综合,0,0, 江苏苏州昆山周庄大学路1号,无,否,否,否
赤峰学院,赤峰市,内蒙古自治区教育厅,0,0,综合,0,0, 内蒙古自治区赤峰市红山区迎宾路西段,无,否,否,否
红河学院,红河州,云南省教育厅,0,0,综合,0,0, 云南省红河州蒙自县,无,否,否,否
安顺学院,安顺市,贵州省教育厅,0,0,综合,0,0, 贵州省安顺市开发区学院路25号（本部）,无,否,否,否
云南师范大学商学院,昆明,云南省教育厅,0,0,综合,0,0, 云南省昆明市高新区商院路1号,无,否,否,否
云南师范大学文理学院,昆明,云南省教育厅,0,0,综合,0,0, 龙泉校区：昆明市龙泉路，杨林校区：昆明市杨林开发区,无,否,否,否
云南大学滇池学院,昆明,云南省教育厅,0,0,综合,0,0, 云南省昆明滇池国家旅游度假区红塔东路2号,无,否,否,否
武汉纺织大学外经贸学院,武汉,湖北省教育厅,0,0,综合,0,0, 武汉市江夏区庙山开发区阳光大道1号,无,否,否,否
武汉设计工程学院,武汉,湖北省教育厅,0,0,综合,0,0, 湖北省武汉市江夏区藏龙岛开发区洋桥湖大道1号...,无,否,否,否
武汉大学珞珈学院,武汉,湖北省教育厅,0,0,综合,0,0, 中国武汉市洪山区新路村1号,无,否,否,否
沈阳城市学院,沈阳,辽宁省教育厅,0,0,综合,0,0, 沈阳市苏家屯区梧桐大街2号,无,否,否,否
安徽大学江淮学院,合肥,安徽省教育厅,0,0,综合,0,0, 安徽省合肥市史河路8号,无,否,否,否
安徽农业大学经济技术学院,合肥,安徽省教育厅,0,0,综合,0,0, 合肥市经济技术开发区合安路218号,无,否,否,否
齐鲁理工学院,曲阜,山东省教育厅,0,0,综合,0,0, 山东省曲阜市有朋路105号,无,否,否,否
四川大学锦城学院,成都,四川省教育厅,0,0,综合,0,0, 四川省成都市高新西区西源大道1号,无,否,否,否
成都学院,成都,无,0,0,综合,0,0, 成都市外东十陵镇,无,否,否,否
四川文理学院,达州,四川省教育厅,0,0,综合,0,0, 四川省达州市南坝路400#,无,否,否,否
百色学院,百色,广西壮族自治区教育厅,0,0,综合,0,0, 广西百色中山二路21号,无,否,否,否
西昌学院,西昌,四川省教育厅,0,0,综合,0,0, 四川省西昌市,无,否,否,否
延安大学西安创新学院,西安,陕西省教育厅,0,0,综合,0,0, 陕西省西安市长安区皂河路2号,无,否,否,否
西北工业大学明德学院,西安,陕西省教育厅,0,0,综合,0,0, 陕西省西安市长安区西北工业大学沣河校区,无,否,否,否
长安大学兴华学院,西安,无,0,0,综合,0,0,无,无,否,否,否
青海大学昆仑学院,西宁,青海省教育厅,0,0,综合,0,0, 青海省西宁市宁张路175号,无,否,否,否
扬州大学广陵学院,扬州,江苏省教育厅,0,0,综合,0,0, 江苏省扬州市邗江区华扬西路198号,无,否,否,否
湖南科技学院,永州市,湖南省教育厅,0,0,综合,0,0, 湖南省永州市零陵区杨梓塘路130号,无,否,否,否
宁波大学科学技术学院,宁波,浙江省教育厅,0,0,综合,0,0, 浙江省宁波市镇海区庄市街道天圣路505号,无,否,否,否
兰州文理学院,兰州市,甘肃省教育厅,0,0,综合,0,0, 兰州市城关区雁滩北面滩400号,无,否,否,否
兰州城市学院,兰州,甘肃省教育厅,0,0,综合,0,0, 兰州市安宁区街坊路11号,无,否,否,否
北京航空航天大学北海学院,北海,广西壮族自治区教育厅,0,0,综合,0,0, 广西壮族自治区北海市银滩大道88号,无,否,否,否
北京警察学院,北京市,北京市教委,0,0,综合,0,0, 北京昌平区南口镇南涧路11号,无,否,否,否
龙岩学院,龙岩,福建省教育厅,0,0,综合,0,0, 福建省龙岩市东肖北路1号,无,否,否,否
石河子大学科技学院,石河子,新疆生产建设兵团,0,0,综合,0,0, 新疆石河子市31号小区,无,否,否,否
新疆大学科学技术学院,乌鲁木齐,新疆维吾尔自治区教育厅,0,0,综合,0,0, 新疆乌鲁木齐市延安路1230号,无,否,否,否
集宁师范学院,乌兰察布市,内蒙古自治区教育厅,0,0,综合,0,0, 内蒙古自治区乌兰察布市集宁区工农路59号,无,否,否,否
长春光华学院,长春,吉林省教育厅,0,0,综合,0,0, 吉林省长春市经济技术开发区岭东路283号,无,否,否,否
东北师范大学人文学院,长春,吉林省教育厅,0,0,综合,0,0, 吉林省长春市净月经济开发区博硕路1488号,无,否,否,否
长春大学旅游学院,长春,吉林省教育厅,0,0,综合,0,0, 长春市双阳区奢岭街,无,否,否,否
内蒙古大学创业学院,内蒙古,内蒙古自治区教育厅,0,0,综合,0,0, 内蒙古自治区呼和浩特市玉泉区昭君路24号,无,否,否,否
内蒙古师范大学鸿德学院,内蒙古,内蒙古自治区教育厅,0,0,综合,0,0, 内蒙古呼和浩特市机场路29号,无,否,否,否
电子科技大学中山学院,中山,广东省教育厅,0,0,综合,0,0, 广东省中山市学院路1号,无,否,否,否
琼州学院,五指山,海南省教育厅,0,0,综合,0,0, 海南省三亚市育才路1号,无,否,否,否
三明学院,无,福建省教育厅,0,0,综合,0,0, 福建省三明市荆东路25号,无,否,否,否
莆田学院,无,福建省教育厅,0,0,综合,0,0, 福建省莆田市城厢区学园中街1133号,无,否,否,否
重庆三峡学院,无,重庆市教育委员会,0,0,综合,0,0, 重庆市万州区沙龙路二段780号,无,否,否,否
贵州师范学院,无,贵州省教育厅,0,0,综合,0,0, 贵州省贵阳市乌当区高新路115号,无,否,否,否
安康学院,无,陕西省教育厅,0,0,综合,0,0, 中国 陕西 安康市育才路92号,无,否,否,否
郑州升达经贸管理学院,无,无,0,0,综合,0,0, 郑州市新郑龙湖镇中山南路1号,无,否,否,否
仰恩大学,无,福建省教育厅,0,0,综合,0,0, 福建省泉州市洛江区仰恩大学,无,否,否,否
齐齐哈尔工程学院,无,黑龙江省教育厅,0,0,综合,0,0, 黑龙江省齐齐哈尔市南苑高新技术产业开发区喜庆路1号,无,否,否,否
哈尔滨剑桥学院,无,黑龙江省教育厅,0,0,综合,0,0, 哈尔滨市香坊区哈平路239号,无,否,否,否
黑龙江东方学院,无,黑龙江省教育厅,0,0,综合,0,0, 哈尔滨市学府路331号,无,否,否,否
商丘学院,无,河南省教育厅,0,0,综合,0,0, 河南省商丘市北海东路66号,无,否,否,否
三江学院,无,江苏省教育厅,0,0,综合,0,0, 南京市雨花台区铁心桥龙西路10号,无,否,否,否
景德镇学院,无,江西省教育厅,0,0,综合,0,0, 江西省景德镇市瓷都大道838号(校本部),无,否,否,否
吉林动画学院,无,吉林省教育厅,0,0,综合,0,0, 吉林省长春市高新开发区博识路168号,无,否,否,否
宁夏理工学院,无,宁夏回族自治区教育厅,0,0,综合,0,0, 宁夏石嘴山市大武口区山水大道学院路1号,无,否,否,否
银川能源学院,无,宁夏回族自治区教育厅,0,0,综合,0,0, 宁夏银川市永宁王太堡,无,否,否,否
云南工商学院,无,云南省教育厅,0,0,综合,0,0, 云南省杨林工业园区职教基地,无,否,否,否
天津天狮学院,无,天津市教育委员会,0,0,综合,0,0, 天津市新技术产业园区武清开发区源泉路15号,无,否,否,否
广西外国语学院,无,广西壮族自治区教育厅,0,0,综合,0,0, 广西南宁市青秀区（五合大学城）五合大道19号...,无,否,否,否
广东科技学院,无,广东省教育厅,0,0,综合,0,0, 广东省东莞市南城区西湖路99号,无,否,否,否
青岛滨海学院,无,山东省教育厅,0,0,综合,0,0, 山东省青岛经济技术开发区嘉陵江西路425号,无,否,否,否
青岛黄海学院,无,山东省教育厅,0,0,综合,0,0, 山东青岛黄海职业学院一校区（灵山卫）,无,否,否,否
山东英才学院,无,山东省教育厅,0,0,综合,0,0, 山东省济南市高新区大正示范区英才路2号,无,否,否,否
天津师范大学津沽学院,天津,天津市教育委员会,0,0,综合,0,0, 天津市西青区宾水西道393号,无,否,否,否
河海大学文天学院,马鞍山,安徽省教育厅,0,0,综合,0,0, 安徽省马鞍山市霍里山大道333号,无,否,否,否
中山大学新华学院,广州,广东省教育厅,0,0,综合,0,0, 广州市天河区龙洞华美路19号,无,否,否,否
广州商学院,广州,广东省教育厅,0,0,综合,0,0, 广东省广州市萝岗区九龙镇,无,否,否,否
广州大学松田学院,广州,广东省教育厅,0,0,综合,0,0, 广州市增城朱村街,无,否,否,否
中山大学南方学院,广州,广东省教育厅,0,0,综合,0,0, 广东省广州市从化温泉镇,无,否,否,否
上海师范大学天华学院,上海,上海市教育委员会,0,0,综合,0,0, 上海市嘉定区胜辛北路1661号,无,否,否,否
上海纽约大学,上海,上海市,0,0,综合,0,0, 上海浦东新区世纪大道,无,否,否,否
大连艺术学院,大连,无,0,0,综合,0,0, 辽宁省大连开发区东北大街92号,无,否,否,否
大庆师范学院,大庆,黑龙江省教育厅,0,0,综合,0,0, 黑龙江省大庆市让胡路区西宾西路,无,否,否,否
山西大同大学,大同市,山西省教育厅,0,0,综合,0,0, 山西省大同市御河桥东,无,否,否,否
四川外国语大学重庆南方翻译学院,重庆,重庆市教育委员会,0,0,语言,0,0, 重庆市渝北区龙石路18号,无,否,否,否
安徽外国语学院,合肥,安徽省教育厅,0,0,语言,0,0, 合肥市国家级森林公园紫蓬山风景区,无,否,否,否
四川外国语大学成都学院,成都,四川省教育厅,0,0,语言,0,0, 四川省成都市都江堰大观镇高尔夫大道367号,无,否,否,否
首都师范大学科德学院,北京,北京市教育委员会,0,0,语言,0,0, 北京市大兴区榆垡镇榆祥路10号,无,否,否,否
湖南女子学院,长沙,湖南省教育厅,0,0,语言,0,0, 湖南省长沙市中意一路160号,无,否,否,否
西安翻译学院,无,陕西省教育厅,0,0,语言,0,0, 陕西省西安市长安区太乙宫,无,否,否,否
浙江越秀外国语学院,无,浙江省教育厅,0,0,语言,0,0, 浙江绍兴市区会稽路428号,无,否,否,否
吉林华桥外国语学院,无,吉林省教育厅,0,0,语言,0,0, 吉林省长春市净月大街3658号,无,否,否,否
天津外国语大学滨海外事学院,天津,天津市教育委员会,0,0,语言,0,0, 天津市大港区学府路60号,无,否,否,否
山东政法学院,济南,山东省教育厅,0,0,政法,0,0, 山东省济南市解放东路63号,无,否,否,否
江苏警官学院,南京,江苏省教育厅,0,0,政法,0,0, 南京市安德门128号,无,否,否,否
江西警察学院,南昌市,江西省教育厅,0,0,政法,0,0, 江西省南昌市云湾大道1666号,无,否,否,否
四川警察学院,泸州市,四川省教育厅,0,0,政法,0,0, 四川省泸州市江阳西路34号,无,否,否,否
河南警察学院,郑州市,河南省教育厅,0,0,政法,0,0, 中国河南郑州市文劳路6号,无,否,否,否
铁道警察学院,郑州市,公安部,0,0,政法,0,0, 河南省郑州市农业路31号,无,否,否,否
云南警官学院,昆明市,云南省教育厅,0,0,政法,0,0, 昆明市官渡区教场北路 249号,无,否,否,否
浙江警察学院,杭州市,浙江省教育厅,0,0,政法,0,0, 浙江・杭州市滨江区滨文路555号,无,否,否,否
湖北警官学院,武汉市,湖北省教育厅,0,0,政法,0,0, 湖北省武汉市解放大道86号,无,否,否,否
甘肃政法学院,兰州,甘肃省教育厅,0,0,政法,0,0, 甘肃省兰州市安宁西路6号,无,否,否,否
吉林警察学院,长春,吉林省教育厅,0,0,政法,0,0, 吉林省长春市净月经济开发区博硕路1399号,无,否,否,否
湖南警察学院,长沙市,湖南省教育厅,0,0,政法,0,0, 长沙市远大三路9号,无,否,否,否
新疆警察学院,无,新疆维吾尔自治区教育厅,0,0,政法,0,0, 乌鲁木齐市长沙路6号,无,否,否,否
重庆警察学院,无,重庆市教育委员会,0,0,政法,0,0, 重庆市高新区石桥铺玉灵洞259号,无,否,否,否
山东警察学院,无,山东省教育厅,0,0,政法,0,0, 济南市文化东路54号,无,否,否,否
上海政法学院,无,上海市教育委员会,0,0,政法,0,0, 上海市青浦区外青松公路7989号,无,否,否,否
福建警察学院,无,福建省教育厅,0,0,政法,0,0, 福州市仓山区首山路59号,无,否,否,否
广东警官学院,广州,广东省教育厅,0,0,政法,0,0, 广州市滨江东路500号（滨江东校区），广州市北郊（嘉禾校区),无,否,否,否
浙江农林大学暨阳学院,杭州,浙江省教育厅,0,0,林业,0,0, 中国浙江 诸暨市浦阳路77号,无,否,否,否
武汉体育学院体育科技学院,武汉,湖北省教育厅,0,0,体育,0,0, 武汉市江夏区藏龙岛科技园区11号路,无,否,否,否
成都体育学院,成都,四川省教育厅,0,0,体育,0,0, 四川省成都市武侯区体院路2号,无,否,否,否
吉林体育学院,长春,吉林省教育厅,0,0,体育,0,0, 吉林省长春市自由大路2476号,无,否,否,否
沈阳体育学院,无,辽宁省教育厅,0,0,体育,0,0, 沈阳市苏家屯区金钱松东路36号,无,否,否,否
天津体育学院运动与文化艺术学院,天津,天津市教育委员会,0,0,体育,0,0, 天津市河西区卫津南路51号,无,否,否,否
嘉兴学院南湖学院,嘉兴,浙江省教育厅,0,0,财经,0,0, 浙江省嘉兴市越秀南路56号,无,否,否,否
福建江夏学院,福州市,福建省教育厅,0,0,财经,0,0, 福州市大学新校区溪源宫路2号,无,否,否,否
铜陵学院,铜陵,安徽省教育厅,0,0,财经,0,0, 安徽省铜陵市北京中路297号,无,否,否,否
浙江财经大学东方学院,海宁,浙江省教育厅,0,0,财经,0,0, 浙江省海宁市长安镇仰山路2号,无,否,否,否
重庆工商大学融智学院,重庆,重庆市教育委员会,0,0,财经,0,0, 重庆市沙坪坝区井口工业园区,无,否,否,否
重庆师范大学涉外商贸学院,重庆,重庆市教育委员会,0,0,财经,0,0, 重庆市合川区学府路9号,无,否,否,否
重庆工商大学派斯学院,重庆,重庆市教育委员会,0,0,财经,0,0, 重庆市合川区交通街593号,无,否,否,否
哈尔滨金融学院,哈尔滨,黑龙江省教育厅,0,0,财经,0,0, 哈尔滨市香坊区电碳路65号,无,否,否,否
贵州财经大学商务学院,贵阳,贵州省教育厅,0,0,财经,0,0, 贵阳市云岩区鹿冲关路276号,无,否,否,否
广西财经学院,南宁,广西壮族自治区教育厅,0,0,财经,0,0, 广西南宁市明秀西路100号,无,否,否,否
中原工学院信息商务学院,郑州,河南省教育厅,0,0,财经,0,0, 郑州市中原中路41号,无,否,否,否
郑州成功财经学院,郑州,河南省教育厅,0,0,财经,0,0, 河南省郑州巩义市紫荆路136号,无,否,否,否
浙江工商大学杭州商学院,杭州,浙江省教育厅,0,0,财经,0,0, 浙江省杭州市下沙高教园区学正街18号,无,否,否,否
湖北商贸学院,武汉,湖北省教育厅,0,0,财经,0,0, 湖北省武汉市洪山区雄楚大街634号,无,否,否,否
武汉商学院,武汉,湖北省教育厅,0,0,财经,0,0, 湖北省武汉市武汉经济技术开发区东风大道816号,无,否,否,否
江汉大学文理学院,武汉,湖北省教育厅,0,0,财经,0,0, 武汉经济技术开发区博学路9号,无,否,否,否
湖北经济学院,武汉,湖北省教育厅,0,0,财经,0,0, 武汉江夏藏龙岛科技园区洋湖大道特1号,无,否,否,否
湖北经济学院法商学院,武汉,湖北省教育厅,0,0,财经,0,0, 武汉市江夏区藏龙岛开发区杨桥湖大道8号,无,否,否,否
中南财经政法大学武汉学院,武汉,湖北省教育厅,0,0,财经,0,0, 湖北省武汉市洪山区雄楚大街636号,无,否,否,否
成都信息工程大学银杏酒店管理学院,成都,四川省教育厅,0,0,财经,0,0, 四川省成都市郫县红光镇广场路1116号,无,否,否,否
西安财经学院行知学院,西安,陕西省教育厅,0,0,财经,0,0, 陕西省西安市灞桥区狄寨路57号,无,否,否,否
兰州财经大学长青学院,兰州,甘肃省教育厅,0,0,财经,0,0, 兰州市城关区店子街45号,无,否,否,否
兰州财经大学陇桥学院,兰州,甘肃省教育厅,0,0,财经,0,0, 兰州市和平开发区学院路,无,否,否,否
河北经贸大学经济管理学院,石家庄,河北省教育厅,0,0,财经,0,0, 石家庄市红旗大街428号,无,否,否,否
新疆财经大学商务学院,乌鲁木齐,新疆维吾尔自治区教育厅,0,0,财经,0,0, 新疆乌鲁木齐市杭州西街237号,无,否,否,否
辽东学院,丹东市,辽宁省教育厅,0,0,财经,0,0, 辽宁省丹东市振安区临江后街116号,无,否,否,否
吉林工商学院,长春,吉林省教育厅,0,0,财经,0,0, 长春市皓月大路1606号,无,否,否,否
湖南财政经济学院,长沙市,湖南省教育厅,0,0,财经,0,0, 湖南省长沙市岳麓区枫林二路139号,无,否,否,否
湖南商学院北津学院,长沙,湖南省教育厅,0,0,财经,0,0, 长沙市雷锋大道星城镇,无,否,否,否
福州外语外贸学院,无,福建省教育厅,0,0,财经,0,0, 福州市仓山区城门三角埕城山100号,无,否,否,否
武汉工商学院,无,湖北省教育厅,0,0,财经,0,0, 湖北省武汉市洪山区黄家湖西路3号,无,否,否,否
海口经济学院,无,海南省教育厅,0,0,财经,0,0, 海南省海口市国兴大道文坛路2号,无,否,否,否
西安外事学院,无,陕西省教育厅,0,0,财经,0,0, 陕西西安丈八北路408号,无,否,否,否
西安欧亚学院,无,陕西省教育厅,0,0,财经,0,0, 西安市电子城欧亚路一号,无,否,否,否
陕西国际商贸学院,无,陕西省教育厅,0,0,财经,0,0, 陕西省咸阳市大学园区统一西路35号,无,否,否,否
山西工商学院,无,山西省教育厅,0,0,财经,0,0, 山西省太原市坞城南路99号,无,否,否,否
上海杉达学院,无,上海市教育委员会,0,0,财经,0,0, 上海浦东金海路2727号,无,否,否,否
上海金融学院,无,上海市教育委员会,0,0,财经,0,0, 上海上川路995号,无,否,否,否
河南大学民生学院,开封,河南省教育厅,0,0,财经,0,0, 河南省开封市金明大道北段,无,否,否,否
广东培正学院,广州,广东省教育厅,0,0,财经,0,0, 广东省广州市花都区赤坭培正路53号,无,否,否,否
广东财经大学华商学院,广州,广东省教育厅,0,0,财经,0,0, 广州市增城市荔城街华商路一号,无,否,否,否
广东外语外贸大学南国商学院,广州,广东省教育厅,0,0,财经,0,0, 广州市白云区良田中路181号,无,否,否,否
上海商学院,上海市,上海市教育委员会,0,0,财经,0,0, 上海市中山西路2271号,无,否,否,否
上海外国语大学贤达经济人文学院,上海,上海市教育委员会,0,0,财经,0,0, 上海市虹口区东体育会路390号,无,否,否,否
遵义医学院医学与科技学院,遵义,贵州省教育厅,0,0,医药,0,0, 贵州省遵义市大连路201号,无,否,否,否
新乡医学院三全学院,新乡,河南省教育厅,0,0,医药,0,0, 河南省新乡市华兰大道新乡医学院三全学院,无,否,否,否
温州医科大学仁济学院,温州,浙江省教育厅,0,0,医药,0,0, 温州市茶山高教园区,无,否,否,否
桂林医学院,桂林,广西壮族自治区教育厅,0,0,医药,0,0, 广西桂林市环城北二路109号,无,否,否,否
贵州医科大学神奇民族医药学院,贵阳,贵州省教育厅,0,0,医药,0,0, 贵阳市北京路9号,无,否,否,否
贵阳中医学院时珍学院,贵阳,贵州省教育厅,0,0,医药,0,0, 贵阳市富源南路548号,无,否,否,否
贵阳中医学院,贵阳,贵州省教育厅,0,0,医药,0,0, 贵阳市市东路50号,无,否,否,否
广西中医药大学赛恩斯新医药学院,南宁,广西壮族自治区教育厅,0,0,医药,0,0, 广西南宁市青秀区五合大道13号,无,否,否,否
西藏藏医学院,拉萨,西藏自治区教育厅,0,0,医药,0,0, 拉萨市当热中路10号,无,否,否,否
牡丹江医学院,牡丹江,黑龙江省教育厅,0,0,医药,0,0, 黑龙江省牡丹江市爱民区通乡街3号,无,否,否,否
浙江中医药大学滨江学院,杭州,浙江省教育厅,0,0,医药,0,0, 杭州市滨江区滨文路548号,无,否,否,否
辽宁中医药大学杏林学院,沈阳,辽宁省教育厅,0,0,医药,0,0, 辽宁省沈阳市东陵区白塔街380-2号,无,否,否,否
中国医科大学临床医药学院,沈阳,辽宁省教育厅,0,0,医药,0,0, 辽宁省沈阳市和平区北五马路21号,无,否,否,否
安徽医科大学临床医学院,合肥,安徽省教育厅,0,0,医药,0,0, 安徽省合肥经济技术开发区翡翠路15号,无,否,否,否
成都医学院,成都,四川省教育厅,0,0,医药,0,0, 成都市蓉都大道天回路601号,无,否,否,否
新疆医科大学厚博学院,乌鲁木齐,新疆维吾尔自治区教育厅,0,0,医药,0,0, 新疆维吾尔自治区乌鲁木齐市鲤鱼山路附29号,无,否,否,否
湖南中医药大学湘杏学院,长沙,湖南省教育厅,0,0,医药,0,0, 湖南省长沙市韶山中路113号,无,否,否,否
山西医科大学晋祠学院,太原,山西省教育厅,0,0,医药,0,0, 山西省太原市晋祠,无,否,否,否
右江民族医学院,无,广西壮族自治区教育厅,0,0,医药,0,0, 广西百色市城乡路98号,无,否,否,否
山东协和学院,无,山东省教育厅,0,0,医药,0,0, 山东济南市工业北路延长线唐冶新城（新校区）,无,否,否,否
湖北医药学院药护学院,十堰,湖北省教育厅,0,0,医药,0,0, 湖北省十堰市人民南路30号,无,否,否,否
福建农林大学金山学院,福州,福建省教育厅,0,0,农业,0,0, 福建省福州市福建农林大学金山学院,无,否,否,否
山西农业大学信息学院,晋中,山西省教育厅,0,0,农业,0,0, 山西省晋中市经济开发区榆太路100号,无,否,否,否
山东农业工程学院,济南市,山东省教育厅,0,0,农业,0,0, 济南市历城区农干院路866号,无,否,否,否
河北农业大学现代科技学院,保定,河北省教育厅,0,0,农业,0,0, 河北省保定市建设南路215号,无,否,否,否
黑龙江工商学院,哈尔滨,黑龙江省教育厅,0,0,农业,0,0, 黑龙江省哈尔滨利民开发区学院路群英街33号,无,否,否,否
信阳农林学院,信阳市,河南省教育厅,0,0,农业,0,0, 河南省信阳市农专路1号  信阳农专招生就业处...,无,否,否,否
河南牧业经济学院,郑州市,河南省教育厅,0,0,农业,0,0, 河南省郑州市金水区北林路16号,无,否,否,否
浙江海洋学院东海科学技术学院,舟山,浙江省教育厅,0,0,农业,0,0, 浙江省舟山市定海区文化路109号,无,否,否,否
吉林农业科技学院,吉林市,吉林省教育厅,0,0,农业,0,0, 吉林省吉林市吉林经济技术开发区经开大街翰林路77号,无,否,否,否
新疆农业大学科学技术学院,乌鲁木齐,新疆维吾尔自治区教育厅,0,0,农业,0,0, 新疆维吾尔自治区乌鲁木齐市南昌路42号,无,否,否,否
中南林业科技大学涉外学院,长沙,湖南省教育厅,0,0,农业,0,0, 湖南省长沙市韶山南路498号,无,否,否,否
首都医科大学,北京市,北京市教育委员会,3,78,医药,8,41, 北京市丰台区右安门外西头条10号,642,否,否,否
湖南农业大学东方科技学院,长沙,湖南省教育厅,0,0,农业,0,0, 湖南省长沙市芙蓉区,无,否,否,否
华南农业大学珠江学院,广州,广东省教育厅,0,0,农业,0,0, 广州从化市街口街广从北路72号,无,否,否,否
赣南师范学院科技学院,赣州,江西省教育厅,0,0,师范,0,0, 江西省赣州市章贡区红旗大道61号,无,否,否,否
衡阳师范学院南岳学院,衡阳,湖南省教育厅,0,0,师范,0,0, 湖南省衡阳市黄白路179号,无,否,否,否
首都师范大学,北京市,北京市教育委员会,5,109,师范,33,41, 北京市海淀区西三环北路105号,602,否,否,否
衡水学院,衡水市,河北省教育厅,0,0,师范,0,0, 河北衡水市和平西路1088号,无,否,否,否
遵义师范学院,遵义,贵州省教育厅,0,0,师范,0,0, 贵州省遵义市上海路830号,无,否,否,否
鞍山师范学院,鞍山,辽宁省教育厅,0,0,师范,0,0, 辽宁省鞍山市铁东区平安街43号,无,否,否,否
河南师范大学新联学院,新乡,河南省教育厅,0,0,师范,0,0, 河南省新乡市建设路东段46号,无,否,否,否
榆林学院,榆林,陕西省教育厅,0,0,师范,0,0, 榆林市西沙文化路北段,无,否,否,否
楚雄师范学院,楚雄市,云南省教育厅,0,0,师范,0,0, 楚雄市鹿城南路461号,无,否,否,否
北京建筑大学,北京市,北京市教育委员会,3,20,工科,0,0, 北京市西城区展览馆路1号,589,否,否,否
滁州学院,滁州,安徽省教育厅,0,0,师范,0,0, 安徽省滁州市琅琊路2号（北校区），安徽省滁州市丰乐南路80号（南校区）,无,否,否,否
渭南师范学院,渭南,陕西省教育厅,0,0,师范,0,0, 陕西省渭南市朝阳路西段,无,否,否,否
南方医科大学,广州,广东省教育厅,5,98,医药,3,75, 广州市白云区沙太南路1023号,587,否,否,否
北京工商大学,北京市,北京市教育委员会,3,32,财经,0,1, 北京良乡高教园区（良乡校区）海淀区阜成路11号（东校区）33号（西校区）,585,否,否,否
温州大学瓯江学院,温州,浙江省教育厅,0,0,师范,0,0, 浙江省温州市茶山高教园区,无,否,否,否
湖州师范学院求真学院,湖州,浙江省教育厅,0,0,师范,0,0, 浙江省湖州市学士路158号,无,否,否,否
湘潭大学,湘潭,湖南省教育厅,2,139,综合,15,17, 湖南省湘潭市,578,否,否,否
巢湖学院,巢湖,安徽省教育厅,0,0,师范,0,0, 安徽省巢湖市半汤镇,无,否,否,否
西安建筑科技大学,西安,陕西省教育厅,2,66,工科,29,29, 陕西省西安市雁塔路13号,575,否,否,否
绵阳师范学院,绵阳,四川省教育厅,0,0,师范,0,0, 绵阳市仙人路一段30号,无,否,否,否
宿州学院,宿州,安徽省教育厅,0,0,师范,0,0, （西校区）安徽省宿州市汴河中路71号；（东校区）宿州市东二铺,无,否,否,否
上海理工大学,上海市,上海市教育委员会,7,112,工科,0,37, 上海市军工路516号,573,否,否,否
华南农业大学,广州,广东省教育厅,1,23,农业,5,12, 广州市天河区五山路483号,573,否,否,否
淮南师范学院,淮南,安徽省教育厅,0,0,师范,0,0, 安徽省安徽省淮南市田家庵区学院路,无,否,否,否
淮阴师范学院,淮安,江苏省教育厅,0,0,师范,0,0, 江苏省淮安市长江西路111号,无,否,否,否
淮北师范大学信息学院,淮北,安徽省教育厅,0,0,师范,0,0, 安徽省淮北市东山路100号,无,否,否,否
商丘师范学院,商丘,河南省教育厅,0,0,师范,0,0, 河南省商丘市平原中路55号,无,否,否,否
江苏大学,镇江,江苏省教育厅,7,170,综合,2,42, 江苏省镇江市学府路301号,569,否,否,否
重庆交通大学,重庆市,重庆市教育委员会,3,65,工科,0,15, 重庆市南岸区学府大道66号,569,否,否,否
江苏理工学院,常州,江苏省教育厅,0,0,师范,0,0, 江苏省常州市中吴大道1801号,无,否,否,否
湖北师范学院文理学院,黄石,湖北省教育厅,0,0,师范,0,0, 湖北省黄石市团城山开发区桂林南路,无,否,否,否
陕西科技大学,西安,陕西省教育厅,1,88,工科,4,18, 陕西省西安市未央大学园区,564,否,否,否
黄山学院,黄山,安徽省教育厅,0,0,师范,0,0, 南校区：安徽省黄山市屯溪区西海路39号，北校区：安徽省黄山市屯溪区戴震路44号,无,否,否,否
唐山师范学院,唐山,河北省教育厅,0,0,师范,0,0, 河北省唐山市建设北路156号,无,否,否,否
晋中学院,晋中,山西省教育厅,0,0,师范,0,0, 山西省晋中市榆次区文苑街1号,无,否,否,否
长沙理工大学,长沙,湖南省教育厅,3,61,工科,7,7," 金盆岭校区（湖南省长沙市天心区赤岭路45号）,云塘校区（湖南省长沙市雨花区万家丽南路二段960号）",562,否,否,否
河北医科大学,石家庄,河北省教育厅,3,40,医药,10,16, 河北省石家庄市中山东路361号,561,否,否,否
黔南民族师范学院,都均,贵州省教育厅,0,0,师范,0,0, 贵州省都匀市开发区龙山大道,无,否,否,否
东北石油大学,大庆,黑龙江省教育厅,3,89,工科,4,19, 黑龙江省大庆市高新技术开发区发展路199号,559,否,否,否
辽宁工程技术大学,阜新,辽宁省教育厅,4,52,工科,1,22, 辽宁省阜新市中华路47号,553,否,否,否
天津中医药大学,天津市,天津市教育委员会,3,25,医药,2,20, 天津市南开区鞍山西道312号,553,否,否,否
盐城师范学院,盐城,江苏省教育厅,0,0,师范,0,0, 江苏省盐城市开放大道50号,无,否,否,否
泰州学院,泰州市,江苏省教育厅,0,0,师范,0,0, 泰州市春晖路100号,无,否,否,否
南京师范大学泰州学院,泰州,江苏省教育厅,0,0,师范,0,0, 江苏省泰州市东风南路518号,无,否,否,否
山东理工大学,淄博市,山东省教育厅,5,21,工科,0,0, 山东省淄博市张店区张周路12号,543,否,否,否
保定学院,保定,河北省教育厅,0,0,师范,0,0, 河北省保定市七一东路3027号,无,否,否,否
重庆第二师范学院,重庆,重庆市教育委员会,0,0,师范,0,0, 重庆市南岸区学府大道9号,无,否,否,否
哈尔滨医科大学,哈尔滨,黑龙江省教育厅,1,49,医药,2,45, 哈尔滨市南岗区学府路194号,537,否,否,否
长江师范学院,重庆,重庆市教育委员会,0,0,师范,0,0, 重庆市涪陵区李渡聚龙大道98号,无,否,否,否
贵州师范大学求是学院,贵阳,贵州省教育厅,0,0,师范,0,0, 贵州省贵阳市白云区白云北路397号,无,否,否,否
郑州师范学院,郑州,河南省教育厅,0,0,师范,0,0, 河南省郑州市大学城北区英才街6号,无,否,否,否
湖南农业大学,长沙,湖南省教育厅,3,99,农业,2,50, 湖南省长沙市芙蓉区湖南农业大学,533,否,否,否
天津师范大学,天津市,天津市教育委员会,6,110,师范,10,25, 天津市河西区卫津路241号,533,否,否,否
南京林业大学,南京,江苏省教育厅,2,100,林业,6,46, 江苏省南京市龙蟠路159号,532,否,否,否
济宁学院,济宁,山东省教育厅,0,0,师范,0,0, 山东省济宁市曲阜新区杏坛路1号,无,否,否,否
洛阳师范学院,洛阳,河南省教育厅,0,0,师范,0,0, 河南洛阳市龙门路71号,无,否,否,否
信阳师范学院华锐学院,信阳,河南省教育厅,0,0,师范,0,0, 河南省信阳市长安路237号,无,否,否,否
山西师范大学现代文理学院,临汾,山西省教育厅,0,0,师范,0,0, 山西省临汾市尧都区贡院街一号,无,否,否,否
浙江工业大学,杭州,浙江省教育厅,4,125,工科,0,30, 浙江省杭州市潮王路18号,530,否,否,否
西安邮电大学,西安,陕西省人民政府,7,45,工科,6,0, 陕西省西安市长安南路563号,530,否,否,否
临沂大学,临沂,山东省教育厅,0,0,师范,0,0, 山东省临沂市兰山区双岭路中段,无,否,否,否
辽宁石油化工大学,抚顺,辽宁省教育厅,12,326,工科,3,2, 辽宁省抚顺市望花区丹东路西段一号,529,否,否,否
潍坊医学院,潍坊,山东省教育厅,2,56,医药,9,0, 中国・山东・潍坊 山东省潍坊市宝通西街7166号,529,否,否,否
江苏第二师范学院,南京市,江苏省教育厅,0,0,师范,0,0, 南京市北京西路77号,无,否,否,否
河北师范大学,石家庄,河北省教育厅,1,26,师范,1,8, 河北省石家庄市裕华东路113号,528,否,否,否
南昌师范学院,南昌市,江西省教育厅,0,0,师范,0,0, 南昌市学院路68号,无,否,否,否
南阳师范学院,南阳,河南省教育厅,0,0,师范,0,0, 河南省南阳市卧龙区卧龙路1638号,无,否,否,否
绍兴文理学院元培学院,绍兴,浙江省教育厅,0,0,师范,0,0, 浙江省绍兴市城南大道900号,无,否,否,否
安徽医科大学,合肥,安徽省教育厅,1,74,医药,12,26, 安徽省合肥市梅山路81号(校本部)，合肥市经济技术开发区翡翠路15号(南校区),526,否,否,否
东北电力大学,吉林,吉林省教育厅,1,60,工科,0,2, 吉林省吉林市长春路169号,526,否,否,否
黄淮学院,驻马店,河南省教育厅,0,0,师范,0,0, 河南省驻马店市开源路6号,无,否,否,否
南京工业大学,南京,江苏省教育厅,4,127,工科,1,41, 江苏省南京市中山北路200号,525,否,否,否
河池学院,宜州,广西壮族自治区教育厅,0,0,师范,0,0, 广西宜州市龙江路42号,无,否,否,否
山东中医药大学,济南,山东省教育厅,4,26,医药,0,15, 山东省济南市长清大学科技园,524,否,否,否
济南大学,济南,山东省教育厅,2,164,综合,10,3, 山东省济南市济微路106号,524,否,否,否
宝鸡文理学院,宝鸡,陕西省教育厅,0,0,师范,0,0, 陕西省宝鸡市宝光路44号,无,否,否,否
西安石油大学,西安,陕西省教育厅,10,33,工科,7,1, 陕西省西安市电子二路东段18号,524,否,否,否
周口师范学院,周口,河南省教育厅,0,0,师范,0,0, 河南省周口市川汇区文昌路东段,无,否,否,否
山东师范大学,济南,山东省教育厅,5,184,师范,2,86, 山东省济南市文化东路88号，山东省济南市长清区大学科技园大学路1号（长清校区地址）,523,否,否,否
沈阳药科大学,沈阳,辽宁省教育厅,1,26,医药,3,21, 辽宁省沈阳市沈河区文化路103号,523,否,否,否
浙江师范大学,金华,浙江省教育厅,6,29,师范,19,0, 浙江省金华市迎宾大道688号,522,否,否,否
宁夏师范学院,固原市,宁夏回族自治区教育厅,0,0,师范,0,0, 宁夏固原市文化街161号,无,否,否,否
昌吉学院,昌吉,新疆维吾尔自治区教育厅,0,0,师范,0,0, 新疆昌吉市北京北路77号（老校区），新疆昌吉市世纪大道9号（新校区）,无,否,否,否
西南石油大学,南充,四川省教育厅,1,18,工科,3,28, （成都校区）成都市新都区新都大道8号，（南充校区）南充市顺庆区油院路30号,521,否,否,否
沧州师范学院,沧州,河北省教育厅,0,0,师范,0,0, 河北省沧州市南环西路28号,无,否,否,否
邯郸学院,邯郸,河北省教育厅,0,0,师范,0,0, 河北省邯郸市邯山区学院北路530号,无,否,否,否
杭州师范大学钱江学院,杭州,浙江省教育厅,0,0,师范,0,0, 浙江省杭州市西湖区文一路222号,无,否,否,否
湖北第二师范学院,武汉,湖北省教育厅,0,0,师范,0,0, 光谷校区：武汉市东湖新技术开发区南环路1号   阅马场校区：中国武汉武昌武珞路9号,无,否,否,否
辽宁师范大学海华学院,沈阳,辽宁省教育厅,0,0,师范,0,0, 辽宁省沈阳市东陵区白塔街380-1号,无,否,否,否
宁波大学,宁波,浙江省教育厅,5,33,综合,6,14, 浙江省宁波市江北区风华路818号,519,否,否,否
河南大学,开封,河南省教育厅,12,42,综合,0,12, 河南省开封市明伦街85号,519,否,否,否
武汉科技大学,武汉,湖北省教育厅,4,52,工科,28,6, 湖北省武汉市青山区和平大道947号,519,否,否,否
北京印刷学院,北京市,北京市教育委员会,3,26,工科,0,0, 北京市大兴区兴华北路25号,519,否,否,否
安徽师范大学皖江学院,芜湖,安徽省教育厅,0,0,师范,0,0, 安徽省芜湖市九华北路109号,无,否,否,否
安阳师范学院,安阳,河南省教育厅,0,0,师范,0,0, 河南省安阳市弦歌大道,无,否,否,否
山西大学,太原,山西省教育厅,4,90,综合,2,27, 山西省太原市坞城路92号,518,否,否,否
安阳师范学院人文管理学院,安阳,河南省教育厅,0,0,师范,0,0, 河南省安阳市中华路南段,无,否,否,否
兴义民族师范学院,兴义,无,0,0,师范,0,0, 兴义市湖南路32号,无,否,否,否
华侨大学,泉州,国务院侨务办公室,1,124,综合,1,21, 福建省泉州市丰泽区城华北路269号,517,否,否,否
天津科技大学,天津市,天津市教育委员会,5,17,工科,1,2, 天津市河西区大沽南路1038号,517,否,否,否
池州学院,池州,安徽省教育厅,0,0,师范,0,0, 安徽省池州市教育园区池州学院,无,否,否,否
华北水利水电大学,郑州,河南省教育厅,2,52,工科,3,0, 河南省郑州市北环路36号,517,否,否,否
合肥师范学院,合肥,安徽省教育厅,0,0,师范,0,0, 安徽省合肥市金寨路327号（三孝口校区），安徽省合肥市经济技术开发区莲花路1688号（锦绣校区）,无,否,否,否
甘肃民族师范学院,合作市,甘肃省教育厅,0,0,师范,0,0, 甘肃省合作市人民街397-3号,无,否,否,否
吕梁学院,吕梁,山西省教育厅,0,0,师范,0,0, 山西吕梁市离石区滨河北东路38号,无,否,否,否
山东农业大学,泰安,山东省教育厅,6,99,农业,2,59, 山东省泰安市岱宗大街61号,516,否,否,否
成都文理学院,成都,四川省教育厅,0,0,师范,0,0, 成都市外东洪河中路351号,无,否,否,否
西安文理学院,西安市,陕西省教育厅,0,0,师范,0,0, 陕西省西安市太白南路168号,无,否,否,否
陕西学前师范学院,西安市,陕西省教育厅,0,0,师范,0,0, 西安市・雁塔区・兴善寺东街69号,无,否,否,否
邢台学院,邢台,河北省教育厅,0,0,师范,0,0, 河北省邢台市桥东区学院南路3号,无,否,否,否
宁德师范学院,宁德,福建省教育厅,0,0,师范,0,0, 福建省宁德市蕉城南路98-1号,无,否,否,否
西北师范大学知行学院,兰州,甘肃省教育厅,0,0,师范,0,0, 甘肃省兰州市安宁区长新路20号,无,否,否,否
乐山师范学院,乐山,四川省教育厅,0,0,师范,0,0, 四川省乐山市市中区滨河路778号,无,否,否,否
吉林师范大学博达学院,四平,吉林省教育厅,0,0,师范,0,0, 吉林省四平市海丰大街1301号,无,否,否,否
河南科技大学,洛阳,河南省教育厅,7,171,综合,0,3, 河南省洛阳市涧西区西苑路48号,515,否,否,否
石家庄学院,石家庄,河北省教育厅,0,0,师范,0,0, 河北省石家庄高新技术产业开发区长江大道6号,无,否,否,否
泰山医学院,泰安,山东省教育厅,15,41,医药,5,0, 山东省泰安市长城路,515,否,否,否
苏州科技大学,苏州,江苏省教育厅,4,10,工科,3,0, 江苏省苏州市滨河路1701号,515,否,否,否
河北师范大学汇华学院,石家庄,河北省教育厅,0,0,师范,0,0, 河北省石家庄市红旗大街601号,无,否,否,否
玉溪师范学院,玉溪市,云南省教育厅,0,0,师范,0,0, 玉溪市凤凰路134号,无,否,否,否
玉林师范学院,玉林,广西壮族自治区教育厅,0,0,师范,0,0, 广西玉林市教育中路299号,无,否,否,否
文山学院,文山市,云南省教育厅,0,0,师范,0,0, 云南省文山市学府路66号,无,否,否,否
六盘水师范学院,六盘水,贵州省教育厅,0,0,师范,0,0, 贵州省六盘水市钟山区明湖路19号,无,否,否,否
皖西学院,六安市,安徽省教育厅,0,0,师范,0,0, 安徽省六安市云露桥西月亮岛,无,否,否,否
烟台大学,烟台,山东省教育厅,1,20,综合,5,0, 山东省烟台市莱山区清泉路32号,514,否,否,否
吉林工程技术师范学院,长春,吉林省教育厅,0,0,师范,0,0, 吉林省长春市凯旋路3050号,无,否,否,否
中北大学,太原,山西省教育厅,5,62,工科,1,23, 山西省太原市学院路3号,513,否,否,否
长春理工大学,长春,吉林省教育厅,4,56,工科,16,14, 吉林省长春市卫星路7089号,513,否,否,否
长治学院,长治,山西省教育厅,0,0,师范,0,0, 山西省长治市城北东街73号,无,否,否,否
长沙师范学院,长沙市,湖南省教育厅,0,0,师范,0,0, 湖南省长沙市星沙徐特立路9号,无,否,否,否
湖南师范大学树达学院,长沙,湖南省教育厅,0,0,师范,0,0, 湖南省长沙市左家垅桃花坪1号,无,否,否,否
湖南第一师范学院,长沙,湖南省教育厅,0,0,师范,0,0, 长沙市岳麓区枫林三路1015号,无,否,否,否
重庆邮电大学,重庆市,重庆市教育委员会,10,38,工科,0,0, 重庆市南岸区崇文路2号,513,否,否,否
西安工程大学,西安,陕西省教育厅,1,25,工科,7,1, 陕西省西安市金花南路19号,512,否,否,否
内江师范学院,内江,四川省教育厅,0,0,师范,0,0, 四川省内江市东桐路705号,无,否,否,否
平顶山学院,无,河南省教育厅,0,0,师范,0,0, 河南省平顶山市新城区湖滨大道东段,无,否,否,否
四川民族学院,无,无,0,0,师范,0,0, 四川省康定县姑咱镇文华路,无,否,否,否
青岛科技大学,青岛,山东省教育厅,5,122,工科,0,24, 青岛市松岭路69号(崂山校区)，青岛市郑州路53号(四方校区),511,否,否,否
南京晓庄学院,无,江苏省教育厅,0,0,师范,0,0, 南京市江宁区弘景大道3601号,无,否,否,否
成都师范学院,无,四川省教育厅,0,0,师范,0,0, 成都市人民南路三段24号,无,否,否,否
陇东学院,无,甘肃省教育厅,0,0,师范,0,0, 甘肃省、庆阳市、西峰区南大街137号,无,否,否,否
河套学院,无,内蒙古自治区教育厅,0,0,师范,0,0, 内蒙古巴彦淖尔市临河区大学路,无,否,否,否
重庆师范大学,重庆市,重庆市教育委员会,9,25,师范,0,0, 重庆市沙坪坝区天陈路12号（老校区），重庆市沙坪坝区重庆市大学城（大学城校区）,511,否,否,否
普洱学院,无,云南省教育厅,0,0,师范,0,0, 云南省普洱市思茅师范高等专科学校招生就业处,无,否,否,否
华北理工大学,唐山市,河北省教育厅,16,19,工科,0,0, 河北省唐山市新华西道46号,511,否,否,否
昭通学院,无,云南省教育厅,0,0,师范,0,0, 云南省昭通市昭阳区环城东路146号,无,否,否,否
兰州理工大学,兰州,甘肃省教育厅,1,77,工科,0,25, 甘肃省兰州市兰工坪路287号,510,否,否,否
长江大学,荆州,湖北省教育厅,2,151,综合,22,18, 湖北省荆州市南环路1号,510,否,否,否
天水师范学院,天水,甘肃省教育厅,0,0,师范,0,0, 甘肃省天水市秦州区藉河南路,无,否,否,否
鲁东大学,烟台市,山东省教育厅,13,20,综合,0,1, 山东省烟台市芝罘区红旗中路186号,510,否,否,否
广东第二师范学院,广州市,广东省教育厅,0,0,师范,0,0, 广州市新港中路351号,无,否,否,否
贵州民族大学人文科技学院,贵阳,贵州省教育厅,0,0,民族,0,0, 贵州省贵阳市花溪区,无,否,否,否
哈尔滨理工大学,哈尔滨,黑龙江省教育厅,1,52,工科,25,17, 黑龙江哈尔滨市南岗区学府路52号,509,否,否,否
青岛理工大学,青岛,山东省教育厅,6,77,工科,18,8, 山东省青岛市四方区抚顺路11号,509,否,否,否
三峡大学,宜昌,湖北省教育厅,16,20,综合,0,2, 湖北省宜昌市大学路8号,509,否,否,否
广西民族大学相思湖学院,南宁,广西壮族自治区教育厅,0,0,民族,0,0, 广西南宁市鹏飞路北段1号,无,否,否,否
四川文化艺术学院,绵阳,四川省教育厅,0,0,艺术,0,0, 四川省绵阳市机场东路83号,无,否,否,否
山东工艺美术学院,济南,山东省教育厅,0,0,艺术,0,0, 山东省济南市长清区大学科技园1号路1255号（长清校区）,无,否,否,否
四川美术学院,重庆,重庆市教育委员会,0,0,艺术,0,0, 重庆市九龙坡区黄桷坪街108号,无,否,否,否
云南艺术学院文华学院,昆明,云南省教育厅,0,0,艺术,0,0, 云南省昆明市五华区王家桥王筇路中段,无,否,否,否
华中师范大学武汉传媒学院,武汉,湖北省教育厅,0,0,艺术,0,0, 武汉市江夏区藏龙岛凤凰大道特一号,无,否,否,否
沈阳音乐学院,沈阳,辽宁省教育厅,0,0,艺术,0,0, 中国辽宁沈阳市和平区三好街61号,无,否,否,否
四川传媒学院,成都,四川省教育厅,0,0,艺术,0,0, 成都市国家高新技术开发区西区郫县团结镇学院路...,无,否,否,否
上海海洋大学,上海市,上海市教育委员会,2,55,农业,1,24, 上海市杨浦区军工路334号,508,否,否,否
北京舞蹈学院,北京,北京市教育委员会,0,0,艺术,0,0, 北京市海淀区万寿寺路１号,无,否,否,否
扬州大学,扬州,江苏省教育厅,1,44,综合,2,11, 江苏省扬州市大学南路88号,508,否,否,否
河北传媒学院,石家庄市,河北省教育厅,0,0,艺术,0,0, 石家庄市新华区警安路8号,无,否,否,否
新疆艺术学院,乌鲁木齐,新疆维吾尔自治区教育厅,0,0,艺术,0,0, 新疆乌鲁木齐市团结路734号,无,否,否,否
河北美术学院,无,河北省教育厅,0,0,艺术,0,0, 石家庄东方美术职业学院招生办公室,无,否,否,否
西北师范大学,兰州,甘肃省教育厅,13,189,师范,2,57, 甘肃省兰州市安宁东路967号,507,否,否,否
山西农业大学,太原,山西省教育厅,3,52,农业,1,30, 山西省太谷县,507,否,否,否
吉林师范大学,四平,吉林省教育厅,1,80,师范,5,0, 吉林省四平市铁西区海丰大街1301号,507,否,否,否
江西服装学院,无,江西省教育厅,0,0,艺术,0,0, 江西省南昌市向塘经济开发区,无,否,否,否
天津美术学院,无,天津市教育委员会,0,0,艺术,0,0, 天津市河北区天纬路4号,无,否,否,否
山东科技大学,青岛、泰安、济南,山东省教育厅,4,151,综合,1,51, 青岛市经济技术开发区前湾港路579号,506,否,否,否
昆明理工大学,昆明,云南省教育厅,24,185,工科,54,49, 云南省昆明市一二.一大街文昌路68号,506,否,否,否
安徽理工大学,淮南,安徽省教育厅,3,72,工科,6,20, 安徽省淮南市舜耕中路168号,506,否,否,否
上海戏剧学院,无,上海市教育委员会,0,0,艺术,0,0, 上海市华山路630号,无,否,否,否
星海音乐学院,广州,广东省教育厅,0,0,艺术,0,0, 广州市大学城外环西路398号,无,否,否,否
河南理工大学,焦作,河南省教育厅,10,55,工科,18,13, 河南省焦作市高新区世纪大道2001号,506,否,否,否
沈阳工业大学,沈阳,辽宁省教育厅,3,49,工科,20,11, 辽宁省沈阳市铁西区兴华南街58号,506,否,否,否
上海视觉艺术学院,上海,上海市教育委员会,0,0,艺术,0,0, 上海市松江区文翔路2200号（松江大学园区内）,无,否,否,否
淮阴工学院,淮安,江苏省教育厅,0,0,工科,0,0, 淮安市枚乘路1号,无,否,否,否
衢州学院,衢州,浙江省教育厅,0,0,工科,0,0, 衢州市柯城区九华北大道78号,无,否,否,否
厦门理工学院,厦门,福建省教育厅,1,0,工科,3,0, 福建省厦门市集美区后溪镇理工路600号（集美校区），福建省厦门市思明南路394号（思明校区）,506,否,否,否
西华大学,成都市,四川省教育厅,14,35,综合,1,0, 四川省成都市金牛区金周路999号,506,否,否,否
江西理工大学应用科学学院,赣州,江西省教育厅,0,0,工科,0,0, 江西省赣州市客家大道156号,无,否,否,否
集美大学,厦门,福建省教育厅,5,63,综合,0,0, 厦门市集美区银江路185号,506,否,否,否
郑州航空工业管理学院,郑州,河南省教育厅,5,0,财经,0,0, 河南省郑州市大学中路2号,506,否,否,否
南华大学船山学院,衡阳,湖南省教育厅,0,0,工科,0,0, 湖南衡阳市常胜西路,无,否,否,否
湖南工学院,衡阳,湖南省教育厅,0,0,工科,0,0, 湖南省衡阳市珠晖区衡花路18号,无,否,否,否
山东建筑大学,济南,山东省教育厅,3,66,工科,0,0, 山东省济南市临港开发区凤鸣路,505,否,否,否
阳光学院,福州,福建省教育厅,0,0,工科,0,0, 福建福州经济技术开发区(马尾)卧龙山,无,否,否,否
福建农林大学东方学院,福州,福建省教育厅,0,0,工科,0,0, 福建省福州市琅岐经济区龙鼓度假村1号,无,否,否,否
河南科技学院新科学院,新乡,河南省教育厅,0,0,工科,0,0, 河南省新乡市华兰大道东段,无,否,否,否
湖南工程学院应用技术学院,湘潭,湖南省教育厅,0,0,工科,0,0, 湖南省湘潭市岳塘区书院路17号,无,否,否,否
西南科技大学,绵阳,四川省教育厅,1,21,工科,1,3, 四川省绵阳市涪城区青龙大道中段59号,504,否,否,否
湖南工程学院,湘潭,湖南省教育厅,0,0,工科,0,0, 湖南省湘潭市福星东路88号,无,否,否,否
景德镇陶瓷学院科技艺术学院,景德镇,江西省教育厅,0,0,工科,0,0, 江西省景德镇市陶阳南路,无,否,否,否
中国计量学院,杭州,浙江省教育厅,2,35,工科,11,0, 浙江省杭州市下沙高教园学源街,504,否,否,否
西南科技大学城市学院,绵阳,四川省教育厅,0,0,工科,0,0, 四川省绵阳市游仙区三星路11号,无,否,否,否
石家庄经济学院,石家庄,河北省教育厅,12,9,财经,4,0, 河北石家庄市槐安东路136号,504,否,否,否
河南师范大学,无,河南省教育厅,5,160,师范,20,17, 河南省新乡市建设东路46号,503,否,否,否
沈阳航空航天大学,沈阳,辽宁省教育厅,10,70,工科,6,0, 辽宁省沈阳市道义经济开发区道义南大街37号,503,否,否,否
常州工学院,常州,江苏省教育厅,0,0,工科,0,0, 江苏省常州市通江南路299号,无,否,否,否
营口理工学院,营口,辽宁省,0,0,工科,0,0, 辽宁省营口市博文路46号,无,否,否,否
湖北理工学院,黄石市,湖北省教育厅,0,0,工科,0,0, 湖北省黄石市桂林北路16号,无,否,否,否
兰州交通大学,兰州,甘肃省教育厅,4,64,工科,0,16, 甘肃省兰州市安宁区安宁西路88号,502,否,否,否
山东工商学院,烟台,山东省教育厅,0,0,工科,0,0, 山东烟台市莱山区滨海中路191号,无,否,否,否
湖北民族学院科技学院,恩施,湖北省教育厅,0,0,工科,0,0, 湖北省恩施市学院路39号,无,否,否,否
南昌航空大学,南昌,江西省教育厅,5,79,工科,1,0, 南昌市丰和南大道696,502,否,否,否
辽宁科技大学,无,辽宁省教育厅,10,39,工科,0,2, 辽宁省鞍山市高新区千山中路185号,501,否,否,否
蚌埠学院,蚌埠市,安徽省教育厅,0,0,工科,0,0, 安徽省蚌埠市曹山路1866号,无,否,否,否
浙江农林大学,临安市,浙江省教育厅,2,21,林业,11,0, 浙江杭州临安环城北路88号,501,否,否,否
湖南工业大学科技学院,株洲,湖南省教育厅,0,0,工科,0,0, 湖南省株洲市东环路,无,否,否,否
湘南学院,郴州,湖南省教育厅,0,0,工科,0,0, 湖南省郴州市王仙岭公园东,无,否,否,否
桂林电子科技大学信息科技学院,桂林,广西壮族自治区教育厅,0,0,工科,0,0, 桂林电子科技大学信息科技学院尧山校区(花江校区),无,否,否,否
盐城工学院,盐城,江苏省教育厅,0,0,工科,0,0, 江苏省盐城市黄海中路20号,无,否,否,否
南京理工大学泰州科技学院,泰州,江苏省教育厅,0,0,工科,0,0, 江苏省泰州市迎春东路8号,无,否,否,否
河南工业大学,郑州,河南省教育厅,5,108,工科,25,0, 莲花街校区：郑州高新技术产业开发区莲花街  嵩山路校区：郑州市嵩山南路140号  中原路校区：郑州市中原西?,499,否,否,否
郑州轻工业学院,郑州,河南省教育厅,3,62,工科,4,0, 河南省郑州市东风路5号,499,否,否,否
山东交通学院,济南,山东省教育厅,0,0,工科,0,0, 山东省济南市交校路5号,无,否,否,否
重庆科技学院,重庆市,重庆市教育委员会,0,0,工科,0,0, 重庆市沙坪坝区虎溪镇重庆大学城,无,否,否,否
重庆邮电大学移通学院,重庆,重庆市教育委员会,0,0,工科,0,0, 重庆市合川区假日大道1号,无,否,否,否
东华理工大学,抚州,江西省教育厅,1,0,工科,0,0, 江西省抚州市学府路56号,498,否,否,否
哈尔滨石油学院,哈尔滨,黑龙江省教育厅,0,0,工科,0,0, 黑龙江省哈尔滨市松北区松浦路297号,无,否,否,否
广东海洋大学,湛江,广东省教育厅,1,21,农业,3,0, 广东省湛江市湖光岩东,497,否,否,否
黑龙江工程学院昆仑旅游学院,哈尔滨,黑龙江省教育厅,0,0,工科,0,0, 哈尔滨市南岗区前兴隆1号,无,否,否,否
贵州理工学院,贵阳,贵州省教育厅,0,0,工科,0,0, 贵州省贵阳市云岩区蔡关路1号,无,否,否,否
陕西科技大学镐京学院,咸阳,陕西省教育厅,0,0,工科,0,0, 陕西省咸阳市南郊陈梁路大学园区,无,否,否,否
南京理工大学紫金学院,南京,江苏省教育厅,0,0,工科,0,0, 南京仙林大学城文澜路89号,无,否,否,否
南昌航空大学科技学院,南昌,江西省教育厅,0,0,工科,0,0, 江西省南昌市上海路173号,无,否,否,否
江西科技师范大学理工学院,南昌,江西省教育厅,0,0,工科,0,0, 江西省南昌市红角洲学府大道589号,无,否,否,否
华东交通大学理工学院,南昌,江西省教育厅,0,0,工科,0,0, 江西省南昌经济技术开发区黄家湖东路111号,无,否,否,否
黄河交通学院,郑州,河南省教育厅,0,0,工科,0,0, 河南省郑州市黄河北岸武陟迎宾大道(新校区),无,否,否,否
黄河科技学院,郑州,河南省教育厅,0,0,工科,0,0, 河南省郑州市航海中路94号,无,否,否,否
福建师范大学闽南科技学院,泉州,福建省教育厅,0,0,工科,0,0, 福建省泉州市南安康美开发区康元路8号,无,否,否,否
广西科技大学,柳州市,广西壮族自治区,0,0,工科,0,0, 广西柳州市东环路268号,无,否,否,否
广西科技大学鹿山学院,柳州,广西壮族自治区教育厅,0,0,工科,0,0, 广西柳州市柳东新区柳东大道,无,否,否,否
南宁学院,南宁市,广西自治区教育厅,0,0,工科,0,0, 广西南宁市龙亭路8号,无,否,否,否
长江大学工程技术学院,荆州,湖北省教育厅,0,0,工科,0,0, 湖北省荆州市南环路199号,无,否,否,否
荆楚理工学院,荆门,湖北省教育厅,0,0,工科,0,0, 湖北省荆门市象山大道33号,无,否,否,否
湖北工程学院新技术学院,孝感,湖北省教育厅,0,0,工科,0,0, 湖北省孝感市文化路278号,无,否,否,否
辽宁石油化工大学顺华能源学院,抚顺,辽宁省教育厅,0,0,工科,0,0, 辽宁省抚顺市望花区丹东路西段10号,无,否,否,否
许昌学院,许昌,河南省教育厅,0,0,工科,0,0, 河南省许昌市八一路88号,无,否,否,否
浙江树人学院,杭州,浙江省教育厅,0,0,工科,0,0, 浙江省杭州市拱墅区树人路8号,无,否,否,否
浙江大学城市学院,杭州,浙江省教育厅,0,0,工科,0,0, 杭州市湖州街51号,无,否,否,否
杭州电子科技大学信息工程学院,杭州,浙江省教育厅,0,0,工科,0,0, 杭州下沙高教园区2号路,无,否,否,否
浙江工业大学之江学院,杭州,浙江省教育厅,0,0,工科,0,0, 浙江省杭州市之江路182号,无,否,否,否
浙江理工大学科技与艺术学院,杭州,浙江省教育厅,0,0,工科,0,0, 浙江省杭州市文一西路960号,无,否,否,否
浙江水利水电学院,杭州,浙江省水利厅,0,0,工科,0,0, 浙江省杭州市下沙高教园区东区学府街508号,无,否,否,否
武昌首义学院,武汉,湖北省教育厅,0,0,工科,0,0, 湖北省武汉市武昌南湖,无,否,否,否
武昌工学院,武汉,湖北省教育厅,0,0,工科,0,0, 湖北省武汉市洪山区白沙洲张家湾街19号,无,否,否,否
湖北工业大学工程技术学院,武汉,湖北省教育厅,0,0,工科,0,0, 湖北省武汉市武昌南湖李家墩,无,否,否,否
武汉工程大学邮电与信息工程学院,武汉,湖北省教育厅,0,0,工科,0,0, 湖北省武汉市虎泉街366号,无,否,否,否
武汉科技大学城市学院,武汉,湖北省教育厅,0,0,工科,0,0, 武汉市东湖风景区黄家大湾特1号,无,否,否,否
湖北大学知行学院,武汉,湖北省教育厅,0,0,工科,0,0, 武汉市江岸区谌家矶街兴谌大道特1号,无,否,否,否
沈阳化工大学科亚学院,沈阳,辽宁省教育厅,0,0,工科,0,0, 沈阳经济技术开发区11号街,无,否,否,否
沈阳城市建设学院,沈阳,辽宁省教育厅,0,0,工科,0,0, 沈阳市东陵区白塔街380号,无,否,否,否
南昌理工学院,无,江西省教育厅,4,0,综合,0,0, 江西省南昌市经济开发区英雄大道901号,476,否,否,否
安徽工程大学机电学院,芜湖,安徽省教育厅,0,0,工科,0,0, 安徽省芜湖市赭山东路10号,无,否,否,否
安徽文达信息工程学院,合肥,安徽省教育厅,0,0,工科,0,0, 安徽省合肥市紫蓬山风景区森林大道三号,无,否,否,否
安徽新华学院,合肥,安徽省教育厅,0,0,工科,0,0, 安徽省合肥市国家级高新技术开发区望江西路555号,无,否,否,否
安徽三联学院,合肥,安徽省教育厅,0,0,工科,0,0, 安徽省合肥市经济技术开发区合安路47号,无,否,否,否
合肥学院,合肥,安徽省教育厅,0,0,工科,0,0, 安徽省合肥市黄山路 373 号,无,否,否,否
四川旅游学院,成都市,四川省教育厅,0,0,工科,0,0, 成都市龙泉驿区红岭路459号,无,否,否,否
四川工商学院,成都,四川省教育厅,0,0,工科,0,0, 成都市郫县团结镇学院街65号,无,否,否,否
成都信息工程大学,成都,四川省教育厅,0,0,工科,0,0, 四川省成都市西南航空港开发区学府路一段24号,无,否,否,否
西安电子科技大学长安学院,西安,陕西省教育厅,0,0,工科,0,0, 西安市西沣路兴隆段266号,无,否,否,否
西北大学现代学院,西安,陕西省教育厅,0,0,工科,0,0, 西安市长安区滦镇科教园陈北路1号,无,否,否,否
西安建筑科技大学华清学院,西安,陕西省教育厅,0,0,工科,0,0, 西安市幸福南路109号,无,否,否,否
西安理工大学高科学院,西安,陕西省教育厅,0,0,工科,0,0, 西安市南郊大学城子午大道南段35＃,无,否,否,否
吉林化工学院,吉林,吉林省教育厅,0,0,工科,0,0, 吉林市承德街45号,无,否,否,否
兰州工业学院,兰州,甘肃省教育厅,0,0,工科,0,0, 兰州市七里河区龚家坪东路1号,无,否,否,否
兰州理工大学技术工程学院,兰州,甘肃省教育厅,0,0,工科,0,0, 甘肃省兰州市七里河区龚家坪北路211号,无,否,否,否
兰州交通大学博文学院,兰州,甘肃省教育厅,0,0,工科,0,0, 兰州市和平开发区,无,否,否,否
成都理工大学工程技术学院,乐山,四川省教育厅,0,0,工科,0,0, 四川省乐山市中区肖坝路222号,无,否,否,否
首钢工学院,北京市,北京市教育委员会,0,0,工科,0,0, 北京市石景山区晋元庄路6号,无,否,否,否
北京电子科技学院,北京市,中央办公厅,0,0,工科,0,0, 北京市丰台区富丰路7号,无,否,否,否
东莞理工学院,东莞市,广东省教育厅,0,0,工科,0,0, 广东省东莞市松山湖区大学路1号,无,否,否,否
东莞理工学院城市学院,东莞,广东省教育厅,0,0,工科,0,0, 东莞市城区学院路251号,无,否,否,否
河北科技大学理工学院,石家庄,河北省教育厅,0,0,工科,0,0, 河北省石家庄市高新技术开发区湘江道58号,无,否,否,否
辽宁科技学院,本溪,辽宁省教育厅,0,0,工科,0,0, 本溪经济开发区香槐路176号,无,否,否,否
新疆工程学院,乌鲁木齐,新疆维吾尔自治区教育厅,0,0,工科,0,0, 新疆乌鲁木齐市南昌路236号,无,否,否,否
长春工业大学人文信息学院,长春,吉林省教育厅,0,0,工科,0,0, 吉林省长春市净月经济开发区福祉大路1016号...,无,否,否,否
长沙学院,长沙,湖南省教育厅,0,0,工科,0,0, 湖南省长沙市开福区洪山路98号,无,否,否,否
太原科技大学华科学院,太原,山西省教育厅,0,0,工科,0,0, 太原市晋祠路二段264号,无,否,否,否
中北大学信息商务学院,太原,山西省教育厅,0,0,工科,0,0, 山西省太原市学院路3号,无,否,否,否
三亚学院,三亚,海南省教育厅,1,0,综合,0,0, 海南省三亚市迎宾大道学院路,472,否,否,否
太原工业学院,太原,山西省教育厅,0,0,工科,0,0, 山西省太原市迎新街,无,否,否,否
太原学院,太原,山西省教育厅,0,0,工科,0,0, 太原市坝陵北街2号,无,否,否,否
闽南理工学院,无,福建省教育厅,0,0,工科,0,0, 福建省石狮市宝盖风景区(宝盖校区)、福建省石狮市厝仔工业区(蚶江校区),无,否,否,否
武汉生物工程学院,无,湖北省教育厅,0,0,工科,0,0, 湖北省武汉市阳逻开发区汉施路1号,无,否,否,否
武汉东湖学院,无,湖北省教育厅,0,0,工科,0,0, 武汉市江夏区纸坊街正汤北路1号,无,否,否,否
哈尔滨远东理工学院,无,黑龙江省教育厅,0,0,工科,0,0, 哈尔滨利民开发区学院路时代大街158号,无,否,否,否
浙江大学宁波理工学院,无,浙江省教育厅,0,0,工科,0,0, 浙江省宁波市学府路1号,无,否,否,否
宁波大红鹰学院,无,浙江省教育厅,0,0,工科,0,0, 浙江宁波市鄞州区学院路899号,无,否,否,否
西京学院,无,陕西省教育厅,0,0,工科,0,0, 西安市长安区西京路1号,无,否,否,否
西安思源学院,无,陕西省教育厅,0,0,工科,0,0, 西安市东郊水安路28号,无,否,否,否
陕西服装工程学院,无,陕西省教育厅,0,0,工科,0,0, 陕西省咸阳市大学园区陈梁路18号,无,否,否,否
郑州科技学院,无,河南省教育厅,0,0,工科,0,0, 河南郑州市二七（马砦）经济开发区学院路1号,无,否,否,否
商丘工学院,无,河南省教育厅,0,0,工科,0,0, 商丘市睢阳大道中段(原东二环路),无,否,否,否
河北科技学院,无,河北省教育厅,0,0,工科,0,0, 河北省保定市南二环路1956号,无,否,否,否
南昌工学院,无,江西省教育厅,0,0,工科,0,0, 江西省南昌市新建长凌工业园创业南路998号,无,否,否,否
大连科技学院,无,辽宁省教育厅,0,0,工科,0,0, 大连旅顺经济开发区滨港路999-26号,无,否,否,否
成都工业学院,无,四川省教育厅,0,0,工科,0,0, 花牌坊校区地址：四川省成都市花牌坊街2号  ...,无,否,否,否
桂林航天工业学院,无,广西壮族自治区教育厅,0,0,工科,0,0, 广西桂林市金鸡路2号,无,否,否,否
广东东软学院,无,广东省教育厅,0,0,工科,0,0, 广东省佛山市南海区狮山大学城,无,否,否,否
广东白云学院,无,广东省教育厅,0,0,工科,0,0, 广州市白云区江高镇学苑路一号,无,否,否,否
安徽工业大学工商学院,马鞍山,安徽省教育厅,0,0,工科,0,0, 马鞍山市湖东路59号,无,否,否,否
广州航海学院,广州市,广东省教育厅,0,0,工科,0,0, 广州市黄埔区红山三路101号,无,否,否,否
广州大学华软软件学院,广州,广东省教育厅,0,0,工科,0,0, 广州市从化经济技术开发区广从大道13号,无,否,否,否
广东技术师范学院天河学院,广州,广东省教育厅,0,0,工科,0,0, 广州市白云区太和兴太三路638号,无,否,否,否
广东工业大学华立学院,广州,广东省教育厅,0,0,工科,0,0, 广州市增城广州华立科技园华立路11号,无,否,否,否
华南理工大学广州学院,广州,广东省教育厅,0,0,工科,0,0, 广州市花都区学府路一号,无,否,否,否
上海应用技术学院,上海市,上海市教育委员会,0,0,工科,0,0, 上海奉贤区海泉路100号,无,否,否,否
上海第二工业大学,上海市,上海市教育委员会,0,0,工科,0,0, 上海市浦东新区金海路2360号,无,否,否,否
九江学院,九江,江西省教育厅,3,0,综合,18,0, 江西省九江市前进东路551号,423,否,否,否
上海电机学院,上海,上海市教育委员会,0,0,工科,0,0, 中国上海闵行区江川路690号,无,否,否,否
大连工业大学艺术与信息工程学院,大连,辽宁省教育厅,0,0,工科,0,0, 辽宁省大连市金州区城南路15号,无,否,否,否
湖北汽车工业学院科技学院,十堰,湖北省教育厅,0,0,工科,0,0, 湖北省十堰市车城西路教育口,无,否,否,否
湖北汽车工业学院,十堰,湖北省教育厅,0,0,工科,0,0, 湖北省十堰市车城西路167号,无,否,否,否
西北大学,西安,陕西省教育厅,8,177,综合,6,95, 陕西省西安市太白路229号,无,否,是,是
湖南师范大学,长沙,湖南省教育厅,2,169,师范,6,60, 湖南省长沙市潇湘中路122号,无,否,是,是
贵州大学,贵阳,贵州省教育厅,2,155,综合,25,11, 贵州省贵阳市花溪区,无,否,是,是
南京航空航天大学,南京,工业与信息化部,10,127,工科,17,52, 江苏省南京市白下区御道街29号,613,否,是,是
南京理工大学,南京,工业与信息化部,9,116,工科,6,18, 江苏省南京市孝陵卫200号,595,否,是,是
南京师范大学,南京,江苏省教育厅,1,252,师范,9,153, 江苏省南京市宁海路122号,594,否,是,是
哈尔滨工程大学,哈尔滨,工业与信息化部,6,93,工科,40,25, 黑龙江哈尔滨市南岗区南通大街145号,582,否,是,是
大连海事大学,大连,交通运输部,5,17,工科,2,28, 辽宁省大连市凌海路1号,580,否,是,是
苏州大学,苏州,江苏省教育厅,5,312,综合,4,192, 江苏省苏州市十梓街1号,570,否,是,是
郑州大学,郑州,河南省教育厅,29,292,综合,22,145, 河南省郑州市高新区科学大道100号,569,否,是,是
上海大学,上海,上海市教育委员会,11,210,综合,14,117, 宝山区上大路99号,550,否,是,是
华南师范大学,广州,广东省教育厅,9,200,师范,4,100, 广州市天河区中山大道西55号（石牌校区）,无,否,是,否
东北农业大学,哈尔滨,黑龙江省教育厅,1,126,农业,6,58, 黑龙江省哈尔滨市香坊区木材街59号,无,否,是,否
北京协和医学院,北京市,卫生部,25,52,医药,18,49, 北京市东城区东单三条9号,无,否,是,否
四川农业大学,雅安,四川省教育厅,2,73,农业,0,32, 四川省雅安市雨城区新康路46号,无,否,是,否
华北电力大学,北京市,教育部,5,52,工科,17,20, 北京市昌平区回龙观北农路2号,620,否,是,否
北京邮电大学,北京市,教育部,9,28,工科,2,9, 北京市海淀区西土城路10号,619,否,是,否
北京工业大学,北京市,北京市教育委员会,6,31,工科,3,18, 北京市朝阳区平乐园100号,617,否,是,否
北京林业大学,北京市,教育部,3,116,林业,4,39, 北京市海淀区清华东路35号,613,否,是,否
华东理工大学,上海市,教育部,4,161,工科,8,94, 上海市梅陇路130号,608,否,是,否
中国石油大学(北京),北京市,教育部,12,151,工科,5,45, 北京市昌平区府学路18号,606,否,是,否
天津医科大学,天津市,天津市教育委员会,2,61,医药,23,44, 天津市和平区气象台路22号,606,否,是,否
北京化工大学,北京市,教育部,9,104,工科,4,35, 北京市朝阳区北三环东路15号,603,否,是,否
北京科技大学,北京市,教育部,6,121,工科,12,73, 北京市海淀区学院路30号,598,否,是,否
中国地质大学(北京),北京市,教育部,9,118,工科,5,37, 北京市海淀区学院路29号,598,否,是,否
华北电力大学(保定),保定,教育部,5,52,工科,1,20, 河北省保定市永华北大街619号,596,否,是,否
暨南大学,广州,国务院侨务办公室,7,134,综合,6,6, 广东省广州市天河区黄埔大道西601号,595,否,是,否
西安电子科技大学,西安,教育部,11,63,工科,5,27, 陕西省西安市太白南路2号 西安市新沣路兴隆段266号,590,否,是,否
东北师范大学,长春,教育部,12,151,师范,4,111, 吉林省长春市人民大街5268号,589,否,是,否
中国地质大学(武汉),武汉,教育部,9,38,工科,8,13, 湖北省武汉市洪山区鲁磨路388号,586,否,是,否
中国矿业大学(北京),北京市,教育部,6,208,工科,9,85, 北京市海淀区学院路丁11号,585,否,是,否
华中师范大学,武汉,教育部,5,184,师范,9,94, 湖北省武汉市珞瑜路152号,583,否,是,否
北京交通大学,北京市,教育部,12,34,工科,4,20, 北京市海淀区上园村3号,582,否,是,否
内蒙古大学,呼和浩特,内蒙古自治区教育厅,1,92,综合,2,19, 内蒙古呼和浩特市赛罕区大学西路235号(校本部),581,否,是,否
陕西师范大学,西安,教育部,10,246,师范,4,118, 陕西省西安市长安南路199号,580,否,是,否
南昌大学,南昌,江西省教育厅,4,269,综合,4,71, 江西省南昌市红谷滩新区学府大道999号,579,否,是,否
辽宁大学,沈阳,辽宁省教育厅,1,161,综合,3,62, 辽宁省沈阳市皇姑区崇山中路66号,579,否,是,否
东华大学,上海市,教育部,8,47,工科,7,7, 上海市延安西路1882号,576,否,是,否
江南大学,无锡,教育部,1,24,综合,3,5, 江苏省无锡市蠡湖大道1800号,574,否,是,否
中国石油大学(华东),东营市,教育部,5,183,工科,7,55, 山东省东营市北二路271号,573,否,是,否
中国矿业大学,徐州,教育部,13,35,工科,9,16, 江苏省徐州市三环南路,572,否,是,否
华中农业大学,武汉,教育部,8,90,农业,9,57, 湖北省武汉市洪山区狮子山街1号,571,否,是,否
南京农业大学,南京,教育部,2,33,农业,0,16, 江苏省南京市卫岗1号,571,否,是,否
合肥工业大学,合肥,教育部,2,32,工科,3,12, 安徽省合肥市屯溪路193号,570,否,是,否
西南大学,重庆市,教育部,3,204,综合,5,106, 重庆市北碚区天生路2号,569,否,是,否
福州大学,福州,福建省教育厅,6,176,工科,2,67, 中国福建省福州市福州地区大学新区学园路2号,569,否,是,否
东北林业大学,哈尔滨,教育部,7,164,林业,20,52, 黑龙江哈尔滨市动力区和兴路26号,569,否,是,否
太原理工大学,太原,山西省教育厅,7,126,工科,3,49, 山西省太原市迎泽西大街79号,567,否,是,否
河海大学,南京,教育部,12,124,工科,3,38, 江苏省南京市西康路1号,567,否,是,否
长安大学,西安,教育部,2,96,工科,2,46, 陕西省西安市南二环路中段,563,否,是,否
武汉理工大学,武汉,教育部,6,150,工科,3,70, 湖北省武汉市洪山区珞狮路122号,556,否,是,否
西南交通大学,成都,教育部,38,43,工科,6,15, 四川省成都市二环路北一段111号,554,否,是,否
石河子大学,石河子,新疆生产建设兵团,1,157,综合,11,30, 新疆自治区石河子市北四路,534,否,是,否
北京中医药大学,北京市,教育部,0,45,医药,50,43, 北京市朝阳区北三环东路11号,549,否,是,否
青海大学,西宁,青海省教育厅,0,18,综合,0,2, 青海省西宁市宁大路251号,551,否,是,否
安徽大学,合肥,安徽省教育厅,0,196,综合,14,59, 合肥市九龙路111号（本科），合肥市泗州路40号（专科）,561,否,是,否
河北工业大学,天津市,河北省教育厅,0,152,工科,2,42, 天津市北辰区西平道5340号,565,否,是,否
延边大学,延吉,吉林省教育厅,0,133,综合,1,21, 吉林省延吉市公园路977号,570,否,是,否
北京体育大学,北京市,国家体育总局,0,10,体育,4,3, 北京市海淀区信息路48号,573,否,是,否
中国药科大学,南京,教育部,0,29,医药,7,24, 江苏省南京市鼓楼区中央路童家巷24号,577,否,是,否
海南大学,海口,海南省教育厅,0,143,综合,3,37, 海南省海口市人民大道58号,593,否,是,否
上海外国语大学,上海市,教育部,0,23,语言,3,10, 上海市大连西路550号,624,否,是,否
西南财经大学,成都,教育部,0,79,财经,4,56, 四川省成都市光华村街55号,625,否,是,否
中南财经政法大学,武汉,教育部,0,41,财经,2,24, 湖北省武汉市洪山区南湖南路1号,626,否,是,否
中国政法大学,北京市,教育部,0,73,政法,1,31, 学院路校区：北京市海淀区西土城路25号；昌平校区：北京市昌平区府学路27号,638,否,是,否
上海财经大学,上海市,教育部,0,85,财经,3,53, 上海市国定路777号,650,否,是,否
中央财经大学,北京市,教育部,0,42,财经,11,17, 北京市海淀区学院南路39号,652,否,是,否
中国传媒大学,北京市,教育部,0,48,语言,3,24, 北京市朝阳区定福庄东街1号,656,否,是,否
北京外国语大学,北京市,教育部,0,18,语言,4,11, 北京市海淀区西三环北路2号,671,否,是,否
对外经济贸易大学,北京市,教育部,0,39,财经,2,15, 北京市朝阳区惠新东街10号,677,否,是,否
云南大学,昆明,云南省教育厅,0,181,综合,41,57, 昆明市翠湖北路2号,无,否,是,是
宁夏大学,银川,宁夏回族自治区教育厅,0,183,综合,2,28, 宁夏银川市西夏区贺兰山西路489号,无,否,是,否
新疆大学,乌鲁木齐,新疆维吾尔自治区教育厅,0,83,综合,9,12, 新疆乌鲁木齐市胜利路14号,无,否,是,否
广西大学,南宁,广西壮族自治区教育厅,0,206,综合,24,11, 广西南宁大学路100号,无,否,是,否
中央音乐学院,北京,教育部,0,1,艺术,1,1, 中国北京市西城区鲍家街43号,无,否,是,否
西藏大学,拉萨,西藏自治区教育厅,0,30,综合,1,0, 西藏自治区拉萨市江苏路36号,无,否,是,否
北京大学,北京市,教育部,59,244,综合,81,201, 北京市海淀区颐和园路5号,694,是,是,是
复旦大学,上海市,教育部,35,229,综合,30,178, 上海市邯郸路220号,687,是,是,是
清华大学,北京市,教育部,70,271,综合,37,253, 北京市海淀区清华园,686,是,是,是
上海交通大学,上海市,教育部,36,78,综合,9,78, 上海市东川路800号&#160;,664,是,是,是
南京大学,南京,教育部,32,48,综合,21,44, 江苏省南京市汉口路22号,662,是,是,是
南开大学,天津市,教育部,10,231,综合,15,172, 天津市南开区卫津路94号,661,是,是,是
浙江大学,杭州,教育部,26,317,综合,35,283, 浙江省杭州市浙大路38号,659,是,是,是
北京师范大学,北京市,教育部,20,166,师范,16,111, 北京市海淀区新街口外大街19号,657,是,是,是
厦门大学,厦门,教育部,21,279,综合,14,185, 福建省厦门市思明南路422号,650,是,是,是
同济大学,上海市,教育部,13,97,工科,27,31, 上海市杨埔区四平路1239号,650,是,是,是
东南大学,南京,教育部,11,49,综合,10,29, 江苏省南京市四牌楼2号,649,是,是,是
中国人民大学,北京市,教育部,4,177,综合,16,119, 北京市海淀区中关村大街59号,648,是,是,是
天津大学,天津市,教育部,26,35,工科,15,27, 天津市南开区卫津路92号,645,是,是,是
武汉大学,武汉,教育部,14,284,综合,20,231, 湖北省武汉市武昌珞珈山,638,是,是,是
四川大学,成都,教育部,34,345,综合,15,228, ：（望江校区）成都市一环路南一段24号  （华西校区）成都市人民南路三段17号  （江安校区）成都市双流县川,627,是,是,是
重庆大学,重庆市,教育部,3,256,综合,20,133, 重庆市沙坪坝区沙正街174号,618,是,是,是
中南大学,长沙,教育部,15,282,综合,17,157, 湖南省长沙市麓山南路932号,613,是,是,是
西安交通大学,西安,教育部,21,199,综合,20,114, 陕西省西安市咸宁西路28号,613,是,是,是
华东师范大学,上海市,教育部,13,38,师范,10,26, 上海市普陀区中山北路3663号,612,是,是,是
吉林大学,长春,教育部,20,299,综合,4,237, 吉林省长春市前进大街2699号,611,是,是,是
电子科技大学,成都,教育部,10,62,工科,6,44, 四川省成都市建设北路二段4号,608,是,是,是
山东大学,济南,教育部,31,55,综合,19,40, 山东省济南市山大南路27号,608,是,是,是
大连理工大学,大连,教育部,27,260,工科,12,155, 辽宁省大连市甘井子区凌工路2号,607,是,是,是
中山大学,广州,教育部,13,251,综合,25,180, 广东省广州市新港西路135号,604,是,是,是
兰州大学,兰州,教育部,9,187,综合,10,56, 甘肃省兰州市天水南路222号,597,是,是,是
华南理工大学,广州,教育部,33,204,工科,7,110, 广州市天河区五山（北校区）    广州市番禺区小谷围（南校区）,596,是,是,是
湖南大学,长沙,教育部,11,198,综合,14,25, 湖南省长沙市岳麓山,586,是,是,是
东北大学,沈阳,教育部,5,174,工科,7,81, 辽宁省沈阳市和平区文化路3巷11号,582,是,是,是
华中科技大学,武汉,教育部,24,304,工科,28,237, 湖北省武汉市洪山区珞喻路1037号,580,是,是,是
中国海洋大学,青岛,教育部,8,226,综合,12,93, 青岛市崂山区松岭路238号,578,是,是,是
中国科学技术大学,合肥,中国科学院,37,133,工科,14,98, 安徽省合肥市金寨路96号,630,是,是,否
西北工业大学,西安,工业与信息化部,15,101,工科,13,57, 陕西省西安市友谊西路127号,629,是,是,否
北京理工大学,北京市,工业与信息化部,13,234,工科,12,117, 北京市海淀区中关村南大街5号,628,是,是,否
中国农业大学,北京市,教育部,11,208,农业,12,114, 北京市海淀区清华东路17号（东区），北京市海淀区圆明园西路2号 （西区）,623,是,是,否
中央民族大学,北京市,国家民族事务委员会,2,66,民族,27,25, 北京市海淀区中关村南大街27号,612,是,是,否
哈尔滨工业大学,哈尔滨,工业与信息化部,33,147,工科,15,81, 黑龙江省哈尔滨市南岗区西大直街92号,600,是,是,否
北京航空航天大学,北京市,工业与信息化部,17,38,工科,36,21, 学院路校区位于为北京市海淀区学院路37号；沙河校区位于北京市昌平区沙河高教园区,582,是,是,否
西北农林科技大学,杨凌,教育部,0,105,农业,9,71, 陕西.杨凌 邰城路3号,581,是,是,是
哈尔滨工业大学(威海),威海,无,0,147,工科,15,81, 山东省威海市文化西路2号,610,是,是,否
东北大学秦皇岛分校,秦皇岛,教育部,0,0,工科,0,0, 河北省秦皇岛市开发区秦山路143号,无,是,是,否
